time,volatility,,,,,,,,,,,,Day,Estimate,IV,Delta
1720152000,51.47656779,,1586923200,105.48,,,,1720152000,51.47656779,67.36,,,1688702400,37.80555706,47.19,19.88650761
1720065600,51.03666311,,1587009600,103.27,,,,1720065600,51.03666311,62.73,,,1688788800,36.73324851,45.72,19.65606188
1719979200,52.08349538,,1587096000,102.55,,,,1719979200,52.08349538,59.63,,,1688875200,36.29372838,43.86,17.25096128
1719892800,51.29307467,,1587182400,99.87,,,,1719892800,51.29307467,59.55,,,1688961600,35.44038751,44.65,20.62623178
1719806400,50.38838248,,1587268800,101.69,,,,1719806400,50.38838248,61.8,,,1689048000,35.09927061,43.69,19.66291919
1719720000,51.35822378,,1587355200,99.97,,,,1719720000,51.35822378,59.53,,,1689134400,34.7512038,43.72,20.51417247
1719633600,51.19982318,,1587441600,102.54,,,,1719633600,51.19982318,59.71,,,1689220800,33.60159438,46.86,28.29365261
1719547200,52.46728426,,1587528000,95.87,,,,1719547200,52.46728426,60.7,,,1689307200,33.00547611,51.42,35.81198733
1719460800,52.27564649,,1587614400,96.44,,,,1719460800,52.27564649,62.88,,,1689393600,33.11990533,47.46,30.21511729
1719374400,51.75203825,,1587700800,94.66,,,,1719374400,51.75203825,62.82,,,1689480000,32.81909067,45.64,28.09138766
1719288000,50.8962148,,1587787200,88.25,,,,1719288000,50.8962148,64.96,,,1689566400,29.74524404,45.16,34.13364917
1719201600,50.11474245,,1587873600,90.54,,,,1719201600,50.11474245,66.38,,,1689652800,29.86279466,46.02,35.10909461
1719115200,49.97181854,,1587960000,91.7,,,,1719115200,49.97181854,66.95,,,1689739200,29.48133117,44.04,33.05783112
1719028800,49.35714258,,1588046400,95.82,,,,1719028800,49.35714258,64.96,,,1689825600,29.16838587,43.76,33.34463923
1718942400,49.03876152,,1588132800,95.17,,,,1718942400,49.03876152,64.67,,,1689912000,29.17434427,41.67,29.98717478
1718856000,48.50526236,,1588219200,105.52,,,,1718856000,48.50526236,68.95,,,1689998400,29.09272302,40.39,27.97048027
1718769600,48.28797537,,1588305600,98.41,,,,1718769600,48.28797537,68.76,,,1690084800,27.8114719,40.11,30.66199974
1718683200,47.86944839,,1588392000,95.33,,,,1718683200,47.86944839,66.86,,,1690171200,27.7917885,39.28,29.2469743
1718596800,46.57869896,,1588478400,95.9,,,,1718596800,46.57869896,64.74,,,1690257600,27.65083655,38.59,28.34714552
1718510400,43.14934464,,1588564800,102.41,,,,1718510400,43.14934464,65.81,,,1690344000,27.43579429,38.69,29.08815122
1718424000,42.20776552,,1588651200,100.06,,,,1718424000,42.20776552,64.94,,,1690430400,26.99661511,38.66,30.169128
1718337600,42.28924282,,1588737600,95.23,,,,1718337600,42.28924282,60.46,,,1690516800,26.92626666,36.52,26.26980652
1718251200,42.77129574,,1588824000,96.42,,,,1718251200,42.77129574,62.88,,,1690603200,26.74156865,36.37,26.47355335
1718164800,42.41212416,,1588910400,94.15,,,,1718164800,42.41212416,67.09,,,1690689600,23.94134773,36.88,35.08311353
1718078400,43.20831208,,1588996800,93.85,,,,1718078400,43.20831208,66.63,,,1690776000,34.12479231,37.08,7.96981577
1717992000,43.29376992,,1589083200,112.85,,,,1717992000,43.29376992,64.79,,,1690862400,34.44686428,38.68,10.94399101
1717905600,44.05715649,,1589169600,111.55,,,,1717905600,44.05715649,64.79,,,1690948800,34.74553359,39.15,11.25023349
1717819200,46.43709427,,1589256000,96.94,,,,1717819200,46.43709427,64.14,,,1691035200,34.38909278,38.44,10.53826018
1717732800,46.8145766,,1589342400,96.77,,,,1717732800,46.8145766,64.34,,,1691121600,34.32719448,36.74,6.567244216
1717646400,46.82335686,,1589428800,99.58,,,,1717646400,46.82335686,66.37,,,1691208000,35.28991677,37.27,5.312807174
1717560000,57.49151233,,1589515200,101.44,,,,1717560000,57.49151233,70.15,,,1691294400,35.60765211,37.02,3.815094254
1717473600,57.71861932,,1589601600,91.65,,,,1717473600,57.71861932,68.61,,,1691380800,35.85059192,37.23,3.705098256
1717387200,57.0603613,,1589688000,97.52,,,,1717387200,57.0603613,69.48,,,1691467200,35.92224259,35.01,2.605662931
1717300800,57.46145149,,1589774400,99.74,,,,1717300800,57.46145149,70.66,,,1691553600,35.6114362,38.35,7.1409747
1717214400,57.52186937,,1589860800,95.95,,,,1717214400,57.52186937,70.93,,,1691640000,35.27325964,36.85,4.27880696
1717128000,57.65952214,,1589947200,88.99,,,,1717128000,57.65952214,68.81,,,1691726400,35.35908394,34.44,2.668652543
1717041600,56.70587641,,1590033600,89.65,,,,1717041600,56.70587641,68.88,,,1691812800,38.41891131,33.68,14.07040175
1716955200,57.12670693,,1590120000,90.15,,,,1716955200,57.12670693,70.06,,,1691899200,38.48735521,35.46,8.53738074
1716868800,57.2306582,,1590206400,85.86,,,,1716868800,57.2306582,69.93,,,1691985600,39.35911974,34.58,13.8204735
1716782400,56.19984807,,1590292800,87.3,,,,1716782400,56.19984807,71.78,,,1692072000,39.83671493,34.6,15.13501425
1716696000,56.63302906,,1591243200,82.06,,,,1716696000,56.63302906,72.88,,,1692158400,39.65595222,34.83,13.8557342
1716609600,55.59952036,,1591329600,74.73,,,,1716609600,55.59952036,69.91,,,1692244800,39.42584933,38.85,1.482237648
1716523200,55.53745027,,1591416000,74.33,,,,1716523200,55.53745027,68.69,,,1692331200,39.17254533,45.25,13.43083906
1716436800,55.89135141,,1591502400,74.62,,,,1716436800,55.89135141,81.34,,,1692417600,39.11645639,43.06,9.158252694
1716350400,56.94495205,,1591588800,72.71,,,,1716350400,56.94495205,81.41,,,1692504000,39.48154429,42.36,6.795221213
1716264000,57.20559354,,1591675200,72.65,,,,1716264000,57.20559354,81.14,,,1692590400,39.50250419,43.91,10.03756732
1716177600,57.30566643,,1591761600,75.9,,,,1716177600,57.30566643,72.4,,,1692676800,39.59418127,44.2,10.42040436
1716091200,57.88107344,,1591848000,79.15,,,,1716091200,57.88107344,69.03,,,1692763200,39.5336955,43.28,8.655971572
1716004800,57.96986873,,1591934400,73.57,,,,1716004800,57.96986873,67.01,,,1692849600,39.53003039,48.47,18.44433591
1715918400,60.37293021,,1592020800,72.39,,,,1715918400,60.37293021,68.27,,,1692936000,40.66409184,42.77,4.92379742
1715832000,61.66406587,,1592107200,73.83,,,,1715832000,61.66406587,65.4,,,1693022400,41.20920784,43.12,4.431336171
1715745600,62.612681,,1592193600,77.4,,,,1715745600,62.612681,65.76,,,1693108800,41.72763473,43.76,4.64434476
1715659200,63.21122821,,1592280000,76.06,,,,1715659200,63.21122821,66.49,,,1693195200,41.86366631,43.19,3.07092774
1715572800,63.99513233,,1592366400,74.96,,,,1715572800,63.99513233,67.45,,,1693281600,42.16018815,44.86,6.0183055
1715486400,63.88273654,,1592452800,73.63,,,,1715486400,63.88273654,66.63,,,1693368000,42.15281308,41.38,1.867600492
1715400000,64.18668651,,1592539200,70.95,,,,1715400000,64.18668651,63.34,,,1693454400,42.32075115,41.52,1.928591408
1715313600,64.44864446,,1592712000,70.81,,,,1715313600,64.44864446,65.32,,,1693540800,42.65673427,38.13,11.87184441
1715227200,64.42916883,,1592798400,69.03,,,,1715227200,64.42916883,65.16,,,1693627200,42.78880468,38.23,11.92467872
1715140800,64.17463033,,1592884800,69.85,,,,1715140800,64.17463033,66,,,1693713600,34.06950956,40.36,15.58595254
1715054400,64.20308249,,1592971200,73.68,,,,1715054400,64.20308249,67.55,,,1693800000,34.05544581,40.31,15.51613542
1714968000,64.25070739,,1593057600,70.91,,,,1714968000,64.25070739,71.7,,,1693886400,33.65902406,39.68,15.17383049
1714881600,63.40413755,,1593144000,64.8,,,,1714881600,63.40413755,72.78,,,1693972800,33.4965807,39.86,15.96442374
1714795200,64.43230857,,1593230400,60.71,,,,1714795200,64.43230857,72.43,,,1694059200,33.37011558,40.42,17.44157451
1714708800,64.7197372,,1593316800,57.39,,,,1714708800,64.7197372,67.21,,,1694145600,32.27292316,40.54,20.39239476
1714622400,56.4294588,,1593403200,56.49,,,,1714622400,56.4294588,68.84,,,1694232000,31.53605585,39.01,19.15904679
1714536000,58.69992438,,1593489600,55.44,,,,1714536000,58.69992438,73.91,,,1694318400,32.00840094,41.71,23.25964771
1714449600,60.20720167,,1593576000,55.31,,,,1714449600,60.20720167,75.25,,,1694404800,32.22056319,44.53,27.64302
1714363200,65.79398347,,1593662400,54.82,,,,1714363200,65.79398347,64.16,,,1694491200,32.87590763,41.78,21.31185344
1714276800,68.10424993,,1593748800,49.87,,,,1714276800,68.10424993,65.41,,,1694577600,32.83933834,42.09,21.97828857
1714190400,68.15737074,,1593835200,52,,,,1714190400,68.15737074,68.56,,,1694664000,34.48989069,42.39,18.63672873
1714104000,68.92344153,,1593921600,55.99,,,,1714104000,68.92344153,67.27,,,1694750400,32.15431028,#N/A,#N/A
1714017600,69.12885331,,1594008000,59.05,,,,1714017600,69.12885331,66.03,,,1694836800,32.4242853,#N/A,#N/A
1713931200,70.33970734,,1594094400,61.7,,,,1713931200,70.33970734,70.58,,,1694923200,31.41843217,#N/A,#N/A
1713844800,70.46941911,,1594180800,63.89,,,,1713844800,70.46941911,75.76,,,1695009600,31.28538387,#N/A,#N/A
1713758400,69.89069693,,1594267200,66.29,,,,1713758400,69.89069693,77.28,,,1695096000,31.83605469,#N/A,#N/A
1713672000,69.85568956,,1594353600,60.87,,,,1713672000,69.85568956,78.15,,,1695182400,31.81756308,#N/A,#N/A
1713585600,70.11244047,,1594440000,62.78,,,,1713585600,70.11244047,75.93,,,1695268800,31.82239034,#N/A,#N/A
1713499200,70.23518095,,1594526400,63.41,,,,1713499200,70.23518095,78.56,,,1695355200,32.53122164,#N/A,#N/A
1713412800,70.02518295,,1594612800,65.95,,,,1713412800,70.02518295,76.84,,,1695441600,32.28071715,#N/A,#N/A
1713326400,71.78314593,,1594699200,62.35,,,,1713326400,71.78314593,77.57,,,1695528000,32.44410292,37.45,13.36688138
1713240000,71.57758633,,1594785600,63.78,,,,1713240000,71.57758633,79.05,,,1695614400,32.67158276,37.73,13.40688376
1713153600,71.12030709,,1594872000,63.33,,,,1713153600,71.12030709,74.91,,,1695700800,33.06093792,38.05,13.1118583
1713067200,71.31308072,,1594958400,59.2,,,,1713067200,71.31308072,82.12,,,1695787200,32.97344251,37.63,12.37458806
1712980800,69.41995579,,1595044800,58.74,,,,1712980800,69.41995579,71.23,,,1695873600,31.80625242,39.81,20.10486707
1712894400,68.58958928,,1595131200,61.02,,,,1712894400,68.58958928,71.32,,,1695960000,31.41881725,37.79,16.85944099
1712808000,67.98758563,,1595217600,59.16,,,,1712808000,67.98758563,73.38,,,1696046400,30.97299474,37.11,16.53733564
1712721600,68.1976632,,1595304000,61.27,,,,1712721600,68.1976632,75.94,,,1696132800,31.16293354,38.07,18.14306924
1712635200,67.60082166,,1595390400,60.87,,,,1712635200,67.60082166,79.66,,,1696219200,31.15629749,42.18,26.134904
1712548800,67.86714223,,1595476800,68.74,,,,1712548800,67.86714223,81.99,,,1696305600,31.73566588,38.62,17.82582632
1712462400,68.94502729,,1595563200,63.86,,,,1712462400,68.94502729,78.78,,,1696392000,31.95854477,38.39,16.75294408
1712376000,69.56553039,,1595649600,64.35,,,,1712376000,69.56553039,74.42,,,1696478400,32.44928195,37.6,13.69871821
1712289600,72.74358235,,1595736000,63.86,,,,1712289600,72.74358235,75.03,,,1696564800,35.90419672,37.15,3.353440864
1712203200,76.28135364,,1595822400,76.19,,,,1712203200,76.28135364,74.7,,,1696651200,37.12785246,36.96,0.45414626
1712116800,77.07626154,,1595908800,71.97,,,,1712116800,77.07626154,79.62,,,1696737600,37.56745873,36.67,2.44739222
1712030400,78.18348992,,1595995200,71.47,,,,1712030400,78.18348992,79.78,,,1696824000,39.21012087,40.01,1.999198023
1711944000,77.70814227,,1596081600,76.94,,,,1711944000,77.70814227,80.31,,,1696910400,39.80335451,38.93,2.243397159
1711857600,78.5770281,,1596168000,81.91,,,,1711857600,78.5770281,82.02,,,1696996800,39.77255015,38.87,2.321971065
1711771200,79.40087526,,1596254400,84.91,,,,1711771200,79.40087526,79.78,,,1697083200,39.87128135,41.19,3.2015505
1711684800,78.80826492,,1596340800,109.2,,,,1711684800,78.80826492,80.79,,,1697169600,40.46311978,38.36,5.482585452
1711598400,77.55169921,,1596427200,97.96,,,,1711598400,77.55169921,81.73,,,1697256000,40.13997009,39.09,2.686032464
1711512000,77.27069188,,1596513600,96.01,,,,1711512000,77.27069188,79.41,,,1697342400,40.64668927,38.29,6.15484271
1711425600,72.37939616,,1596600000,97.29,,,,1711425600,72.37939616,80.38,,,1697428800,40.48228997,37.64,7.551248579
1711339200,70.08919811,,1596686400,96.05,,,,1711339200,70.08919811,81.17,,,1697515200,40.71659528,37.79,7.744364332
1711252800,70.25253977,,1596772800,95.9,,,,1711252800,70.25253977,80.94,,,1697601600,39.70655373,36.5,8.785078723
1711166400,69.99074228,,1596859200,93.13,,,,1711166400,69.99074228,79.52,,,1697688000,39.37920323,36.99,6.459051711
1711080000,71.06830564,,1596945600,90.37,,,,1711080000,71.06830564,79.91,,,1697774400,39.49538041,39.68,0.465271141
1710993600,75.54100011,,1597032000,91.7,,,,1710993600,75.54100011,79.33,,,1697860800,39.93970601,42.57,6.178750261
1710907200,76.24882282,,1597118400,91.83,,,,1710907200,76.24882282,85.78,,,1697947200,39.82825044,41.98,5.125654034
1710820800,76.36086278,,1597204800,87.62,,,,1710820800,76.36086278,81.99,,,1698033600,43.20177555,46.71,7.510649657
1710734400,76.23799576,,1597291200,84.81,,,,1710734400,76.23799576,77.32,,,1698120000,43.71992004,54.01,19.05217546
1710648000,76.12315528,,1597377600,109.82,,,,1710648000,76.12315528,77.83,,,1698206400,44.27471409,54.56,18.85133049
1710561600,76.44553547,,1597464000,108.14,,,,1710561600,76.44553547,75.19,,,1698292800,43.96581753,54.19,18.86728635
1710475200,77.7380339,,1597550400,112.51,,,,1710475200,77.7380339,76.96,,,1698379200,44.8509313,48.19,6.928965966
1710388800,76.49583271,,1597636800,113.02,,,,1710388800,76.49583271,73.13,,,1698465600,46.3238971,48.23,3.952110505
1710302400,76.8804978,,1597723200,111.37,,,,1710302400,76.8804978,76.35,,,1698552000,46.64410874,50.11,6.916566075
1710216000,76.80268976,,1597809600,102.34,,,,1710216000,76.80268976,77.41,,,1698638400,47.57473094,53.96,11.83333776
1710129600,76.46658061,,1597896000,96.03,,,,1710129600,76.46658061,86.7,,,1698724800,48.26979996,53.62,9.977993356
1710046800,76.73729997,,1597982400,95.16,,,,1710046800,76.73729997,82.46,,,1698811200,48.4048512,55.47,12.73688264
1709960400,76.83151709,,1598068800,104.66,,,,1709960400,76.83151709,78.89,,,1698897600,48.30410147,60.62,20.31655976
1709874000,77.2376465,,1598155200,102.8,,,,1709874000,77.2376465,78.89,,,1698984000,49.10149595,59.47,17.43484791
1709787600,77.64826466,,1598241600,96.01,,,,1709787600,77.64826466,79.13,,,1699070400,50.12251869,60.28,16.85049985
1709701200,77.65133086,,1598328000,96.61,,,,1709701200,77.65133086,84.43,,,1699156800,50.46747358,65.52,22.97394142
1709614800,77.43746108,,1598414400,94.68,,,,1709614800,77.43746108,81.1,,,1699246800,50.39110772,63.69,20.88065989
1709528400,76.22565418,,1598500800,90.72,,,,1709528400,76.22565418,77.92,,,1699333200,50.61572871,56.56,10.50967342
1709442000,75.54589644,,1598587200,86.79,,,,1709442000,75.54589644,78.58,,,1699419600,50.08599561,59.39,15.66594441
1709355600,72.72553651,,1598673600,84.19,,,,1709355600,72.72553651,70.7,,,1699506000,47.88108052,66.34,27.82472036
1709269200,69.71154689,,1598760000,78.68,,,,1709269200,69.71154689,69.17,,,1699592400,47.43569653,67.1,29.30596643
1709182800,68.92156665,,1598846400,83.22,,,,1709182800,68.92156665,74.77,,,1699678800,47.16638106,65.04,27.48096392
1709096400,68.7062596,,1598932800,97.83,,,,1709096400,68.7062596,72.76,,,1699765200,46.13147671,62.11,25.72616856
1709010000,67.27105678,,1599019200,85.82,,,,1709010000,67.27105678,65.62,,,1699851600,46.17644218,67.53,31.62084676
1708923600,65.14548655,,1599105600,89.72,,,,1708923600,65.14548655,64.88,,,1699938000,46.40443221,66.53,30.25036493
1708837200,62.83084627,,1599192000,90.01,,,,1708837200,62.83084627,64.42,,,1700024400,46.81259984,65.16,28.15745882
1708750800,62.7272777,,1599278400,101.62,,,,1708750800,62.7272777,62.26,,,1700110800,46.73643045,67.11,30.3584705
1708664400,62.26180841,,1599364800,106.03,,,,1708664400,62.26180841,60.67,,,1700197200,47.07983931,59.32,20.6341212
1708578000,61.37610366,,1599451200,108.39,,,,1708578000,61.37610366,64.44,,,1700283600,47.61659261,58.67,18.83996487
1708491600,60.75475342,,1599537600,114.13,,,,1708491600,60.75475342,62.9,,,1700370000,47.7209846,59.89,20.31894374
1708405200,60.89565164,,1599624000,110.18,,,,1708405200,60.89565164,62.99,,,1700456400,48.78673273,62.79,22.30174752
1708318800,60.25640194,,1599710400,103.8,,,,1708318800,60.25640194,65.32,,,1700542800,48.79027741,60.71,19.63387019
1708232400,59.74821483,,1599796800,101.73,,,,1708232400,59.74821483,63.54,,,1700629200,48.41283461,55.76,13.17640851
1708146000,58.66328953,,1599883200,87.92,,,,1708146000,58.66328953,62.58,,,1700715600,50.70541505,56.88,10.85545878
1708059600,51.07491099,,1599969600,90.49,,,,1708059600,51.07491099,62.09,,,1700802000,50.62998817,57.18,11.4550749
1707973200,50.28652174,,1600056000,86.75,,,,1707973200,50.28652174,65.08,,,1700888400,51.28954852,57.78,11.23304167
1707886800,50.3097704,,1600142400,89.16,,,,1707886800,50.3097704,63.07,,,1700974800,48.89804891,56.51,13.47009572
1707800400,50.25686826,,1600228800,85.86,,,,1707800400,50.25686826,59.93,,,1701061200,49.09663921,54.89,10.55449223
1707714000,49.63122253,,1600315200,82.22,,,,1707714000,49.63122253,57.01,,,1701147600,48.88224469,53.71,8.9885595
1707627600,48.81867183,,1600401600,74.33,,,,1707627600,48.81867183,54.18,,,1701234000,48.6983759,52.77,7.715793254
1707541200,46.29465133,,1600488000,72.55,,,,1707541200,46.29465133,52.48,,,1701320400,48.22840736,52.78,8.623707171
1707454800,46.3716557,,1600574400,69.71,,,,1707454800,46.3716557,51.86,,,1701406800,47.71451463,55.19,13.54499976
1707368400,47.30785161,,1600660800,81.46,,,,1707368400,47.30785161,48.82,,,1701493200,48.38493441,54.65,11.46398094
1707282000,47.84308645,,1600747200,80.86,,,,1707282000,47.84308645,46.14,,,1701579600,48.1285385,60.11,19.93255947
1707195600,47.792257,,1600833600,74.93,,,,1707195600,47.792257,45.46,,,1701666000,48.15704442,59.19,18.63989791
1707109200,47.23434983,,1600920000,81.8,,,,1707109200,47.23434983,45.39,,,1701752400,48.94095871,58.52,16.36883337
1707022800,47.04649779,,1601006400,65.44,,,,1707022800,47.04649779,44.33,,,1701838800,48.849896,59.9,18.44758598
1706936400,46.48297101,,1601092800,66.87,,,,1706936400,46.48297101,44.87,,,1701925200,47.92775239,61.59,22.18257445
1706850000,44.60094747,,1601179200,67.78,,,,1706850000,44.60094747,46.42,,,1702011600,47.11291145,61.32,23.16876802
1706763600,44.48190836,,1601265600,68.13,,,,1706763600,44.48190836,47.23,,,1702098000,46.92664178,62.41,24.80909825
1706677200,44.31317002,,1601352000,66.01,,,,1706677200,44.31317002,49.64,,,1702184400,48.16006637,60.65,20.59346023
1706590800,44.59641448,,1601438400,65.84,,,,1706590800,44.59641448,50.47,,,1702270800,48.22868811,63.59,24.15680436
1706504400,44.2026943,,1601524800,70.88,,,,1706504400,44.2026943,47.5,,,1702357200,49.44765006,62.47,20.84576587
1706418000,45.4943688,,1601611200,69.48,,,,1706418000,45.4943688,48.11,,,1702443600,49.30237404,61.46,19.78136342
1706331600,46.10227977,,1601697600,67.68,,,,1706331600,46.10227977,45.34,,,1702530000,48.97648269,62.11,21.14557609
1706245200,49.49656744,,1601784000,68.43,,,,1706245200,49.49656744,46.33,,,1702616400,49.03576172,59.54,17.6423216
1706158800,50.6019486,,1601870400,72.12,,,,1706158800,50.6019486,49.12,,,1702702800,49.46306273,59.94,17.47904116
1706072400,51.6161915,,1601956800,70.77,,,,1706072400,51.6161915,48.69,,,1702789200,51.58913012,61.06,15.51075971
1705986000,51.95362776,,1602043200,72.7,,,,1705986000,51.95362776,53.75,,,1702875600,51.85440268,62.04,16.41779065
1705899600,51.63367914,,1602129600,72.09,,,,1705899600,51.63367914,48.02,,,1702962000,51.89399659,62.41,16.84986927
1705813200,51.73485866,,1602216000,70.22,,,,1705813200,51.73485866,45.64,,,1703048400,51.51510944,62.67,17.79941051
1705726800,51.87090229,,1602302400,71.27,,,,1705726800,51.87090229,47.43,,,1703134800,51.59440488,62.45,17.38285848
1705640400,54.17295278,,1602388800,71.46,,,,1705640400,54.17295278,49.71,,,1703221200,51.47207672,65.36,21.24835263
1705554000,54.62060937,,1602475200,72.41,,,,1705554000,54.62060937,49.2,,,1703307600,53.54464969,64.5,16.98503924
1705467600,54.78977619,,1602561600,79.16,,,,1705467600,54.78977619,58.68,,,1703394000,55.99138591,66.11,15.30572393
1705381200,54.95971732,,1602648000,76.83,,,,1705381200,54.95971732,61.7,,,1703480400,57.3514467,64.17,10.62576484
1705294800,54.90840384,,1602734400,74.52,,,,1705294800,54.90840384,64.5,,,1703566800,58.7374769,64.17,8.465829983
1705208400,55.81203382,,1602820800,72.93,,,,1705208400,55.81203382,66.15,,,1703653200,56.69738913,70.82,19.94155728
1705122000,55.26320715,,1602907200,67.64,,,,1705122000,55.26320715,65.76,,,1703739600,56.96713901,70.69,19.41273304
1705035600,56.08704783,,1602993600,65.71,,,,1705035600,56.08704783,65.06,,,1703826000,56.55463019,70.88,20.21073619
1704949200,55.99665084,,1603080000,66.26,,,,1704949200,55.99665084,70.07,,,1703912400,56.32266327,73.25,23.10899212
1704862800,56.26307896,,1603166400,66.9,,,,1704862800,56.26307896,73.29,,,1703998800,55.80972603,71.7,22.16216733
1704776400,56.22388304,,1603252800,76.75,,,,1704776400,56.22388304,69.97,,,1704085200,56.10286492,70.38,20.28578443
1704690000,55.89214331,,1603339200,79.84,,,,1704690000,55.89214331,73.6,,,1704171600,56.80035351,72.14,21.26371845
1704603600,56.38001226,,1603425600,76.46,,,,1704603600,56.38001226,76.72,,,1704258000,56.40492809,72.26,21.9416993
1704517200,56.64592593,,1603512000,74.08,,,,1704517200,56.64592593,76.7,,,1704344400,55.64513807,73.14,23.91969091
1704430800,55.33141423,,1603598400,73.57,,,,1704430800,55.33141423,72.99,,,1704430800,55.33141423,72.99,24.19315766
1704344400,55.64513807,,1603684800,67.47,,,,1704344400,55.64513807,73.14,,,1704517200,56.64592593,76.7,26.14612003
1704258000,56.40492809,,1603771200,71.9,,,,1704258000,56.40492809,72.26,,,1704603600,56.38001226,76.72,26.51197568
1704171600,56.80035351,,1603857600,74.25,,,,1704171600,56.80035351,72.14,,,1704690000,55.89214331,73.6,24.05958789
1704085200,56.10286492,,1603944000,71.75,,,,1704085200,56.10286492,70.38,,,1704776400,56.22388304,69.97,19.64572954
1703998800,55.80972603,,1604030400,67.38,,,,1703998800,55.80972603,71.7,,,1704862800,56.26307896,73.29,23.23225685
1703912400,56.32266327,,1604116800,70.23,,,,1703912400,56.32266327,73.25,,,1704949200,55.99665084,70.07,20.08469982
1703826000,56.55463019,,1604203200,72.03,,,,1703826000,56.55463019,70.88,,,1705035600,56.08704783,65.06,13.7918109
1703739600,56.96713901,,1604293200,73.93,,,,1703739600,56.96713901,70.69,,,1705122000,55.26320715,65.76,15.96227623
1703653200,56.69738913,,1604379600,73.66,,,,1703653200,56.69738913,70.82,,,1705208400,55.81203382,66.15,15.62806679
1703566800,58.7374769,,1604466000,70.7,,,,1703566800,58.7374769,64.17,,,1705294800,54.90840384,64.5,14.87069172
1703480400,57.3514467,,1604552400,77.74,,,,1703480400,57.3514467,64.17,,,1705381200,54.95971732,61.7,10.92428311
1703394000,55.99138591,,1604638800,85.43,,,,1703394000,55.99138591,66.11,,,1705467600,54.78977619,58.68,6.629556599
1703307600,53.54464969,,1604725200,86.39,,,,1703307600,53.54464969,64.5,,,1705554000,54.62060937,49.2,11.01749872
1703221200,51.47207672,,1604811600,86.16,,,,1703221200,51.47207672,65.36,,,1705640400,54.17295278,49.71,8.977977828
1703134800,51.59440488,,1604898000,82.75,,,,1703134800,51.59440488,62.45,,,1705726800,51.87090229,47.43,9.363066185
1703048400,51.51510944,,1604984400,78.48,,,,1703048400,51.51510944,62.67,,,1705813200,51.73485866,45.64,13.35420389
1702962000,51.89399659,,1605070800,79.78,,,,1702962000,51.89399659,62.41,,,1705899600,51.63367914,48.02,7.525362631
1702875600,51.85440268,,1605157200,77.52,,,,1702875600,51.85440268,62.04,,,1705986000,51.95362776,53.75,3.342087885
1702789200,51.58913012,,1605243600,78.98,,,,1702789200,51.58913012,61.06,,,1706072400,51.6161915,48.69,6.009840839
1702702800,49.46306273,,1605330000,81.55,,,,1702702800,49.46306273,59.94,,,1706158800,50.6019486,49.12,3.01699633
1702616400,49.03576172,,1605416400,79.1,,,,1702616400,49.03576172,59.54,,,1706245200,49.49656744,46.33,6.834809933
1702530000,48.97648269,,1605502800,78.09,,,,1702530000,48.97648269,62.11,,,1706331600,46.10227977,45.34,1.681252259
1702443600,49.30237404,,1605589200,82.75,,,,1702443600,49.30237404,61.46,,,1706418000,45.4943688,48.11,5.436772401
1702357200,49.44765006,,1605675600,89.25,,,,1702357200,49.44765006,62.47,,,1706504400,44.2026943,47.5,6.941696218
1702270800,48.22868811,,1605762000,85.35,,,,1702270800,48.22868811,63.59,,,1706590800,44.59641448,50.47,11.63777594
1702184400,48.16006637,,1605848400,95.99,,,,1702184400,48.16006637,60.65,,,1706677200,44.31317002,49.64,10.7309226
1702098000,46.92664178,,1605934800,103.16,,,,1702098000,46.92664178,62.41,,,1706763600,44.48190836,47.23,5.818529832
1702011600,47.11291145,,1606021200,109.78,,,,1702011600,47.11291145,61.32,,,1706850000,44.60094747,46.42,3.918682754
1701925200,47.92775239,,1606107600,120.69,,,,1701925200,47.92775239,61.59,,,1706936400,46.48297101,44.87,3.594764888
1701838800,48.849896,,1606194000,118.7,,,,1701838800,48.849896,59.9,,,1707022800,47.04649779,44.33,6.127899359
1701752400,48.94095871,,1606280400,114.48,,,,1701752400,48.94095871,58.52,,,1707109200,47.23434983,45.39,4.063339572
1701666000,48.15704442,,1606366800,101.46,,,,1701666000,48.15704442,59.19,,,1707195600,47.792257,45.46,5.130349759
1701579600,48.1285385,,1606453200,103.29,,,,1701579600,48.1285385,60.11,,,1707282000,47.84308645,46.14,3.69112798
1701493200,48.38493441,,1606539600,99.19,,,,1701493200,48.38493441,54.65,,,1707368400,47.30785161,48.82,3.097395314
1701406800,47.71451463,,1606626000,95.87,,,,1701406800,47.71451463,55.19,,,1707454800,46.3716557,51.86,10.58300096
1701320400,48.22840736,,1606712400,110.86,,,,1701320400,48.22840736,52.78,,,1707541200,46.29465133,52.48,11.78610646
1701234000,48.6983759,,1606798800,107.78,,,,1701234000,48.6983759,52.77,,,1707627600,48.81867183,54.18,9.895400831
1701147600,48.88224469,,1606885200,105.16,,,,1701147600,48.88224469,53.71,,,1707714000,49.63122253,57.01,12.94295294
1701061200,49.09663921,,1606971600,101.81,,,,1701061200,49.09663921,54.89,,,1707800400,50.25686826,59.93,16.14071707
1700974800,48.89804891,,1607058000,100.38,,,,1700974800,48.89804891,56.51,,,1707886800,50.3097704,63.07,20.23185287
1700888400,51.28954852,,1607144400,99.67,,,,1700888400,51.28954852,57.78,,,1707973200,50.28652174,65.08,22.73122043
1700802000,50.62998817,,1607230800,98.08,,,,1700802000,50.62998817,57.18,,,1708059600,51.07491099,62.09,17.74052023
1700715600,50.70541505,,1607317200,95.82,,,,1700715600,50.70541505,56.88,,,1708146000,58.66328953,62.58,6.258725583
1700629200,48.41283461,,1607403600,93.44,,,,1700629200,48.41283461,55.76,,,1708232400,59.74821483,63.54,5.967556138
1700542800,48.79027741,,1607490000,92.85,,,,1700542800,48.79027741,60.71,,,1708318800,60.25640194,65.32,7.751987224
1700456400,48.78673273,,1607576400,90.83,,,,1700456400,48.78673273,62.79,,,1708405200,60.89565164,62.99,3.324890244
1700370000,47.7209846,,1607662800,93.3,,,,1700370000,47.7209846,59.89,,,1708491600,60.75475342,62.9,3.410566902
1700283600,47.61659261,,1607749200,89.55,,,,1700283600,47.61659261,58.67,,,1708578000,61.37610366,64.44,4.75464982
1700197200,47.07983931,,1607835600,95,,,,1700197200,47.07983931,59.32,,,1708664400,62.26180841,60.67,2.623715862
1700110800,46.73643045,,1607922000,92.1,,,,1700110800,46.73643045,67.11,,,1708750800,62.7272777,62.26,0.75052634
1700024400,46.81259984,,1608008400,88.44,,,,1700024400,46.81259984,65.16,,,1708837200,62.83084627,64.42,2.466863911
1699938000,46.40443221,,1608094800,93.59,,,,1699938000,46.40443221,66.53,,,1708923600,65.14548655,64.88,0.409196279
1699851600,46.17644218,,1608181200,111.66,,,,1699851600,46.17644218,67.53,,,1709010000,67.27105678,65.62,2.516087744
1699765200,46.13147671,,1608267600,101.31,,,,1699765200,46.13147671,62.11,,,1709096400,68.7062596,72.76,5.57138593
1699678800,47.16638106,,1608354000,100.8,,,,1699678800,47.16638106,65.04,,,1709182800,68.92156665,74.77,7.821898282
1699592400,47.43569653,,1608440400,100.35,,,,1699592400,47.43569653,67.1,,,1709269200,69.71154689,69.17,0.782921629
1699506000,47.88108052,,1608526800,99.22,,,,1699506000,47.88108052,66.34,,,1709355600,72.72553651,70.7,2.86497385
1699419600,50.08599561,,1608613200,100.89,,,,1699419600,50.08599561,59.39,,,1709442000,75.54589644,78.58,3.86116513
1699333200,50.61572871,,1608699600,102.2,,,,1699333200,50.61572871,56.56,,,1709528400,76.22565418,77.92,2.174468458
1699246800,50.39110772,,1608786000,100.26,,,,1699246800,50.39110772,63.69,,,1709614800,77.43746108,81.1,4.516077589
1699156800,50.46747358,,1608872400,96.48,,,,1699156800,50.46747358,65.52,,,1709701200,77.65133086,84.43,8.028744687
1699070400,50.12251869,,1608958800,98.58,,,,1699070400,50.12251869,60.28,,,1709787600,77.64826466,79.13,1.872532974
1698984000,49.10149595,,1609045200,105.24,,,,1698984000,49.10149595,59.47,,,1709874000,77.2376465,78.89,2.094503107
1698897600,48.30410147,,1609131600,107.56,,,,1698897600,48.30410147,60.62,,,1709960400,76.83151709,78.89,2.609307778
1698811200,48.4048512,,1609218000,107.19,,,,1698811200,48.4048512,55.47,,,1710046800,76.73729997,82.46,6.939970927
1698724800,48.26979996,,1609304400,105.66,,,,1698724800,48.26979996,53.62,,,1710129600,76.46658061,86.7,11.80325189
1698638400,47.57473094,,1609390800,109.93,,,,1698638400,47.57473094,53.96,,,1710216000,76.80268976,77.41,0.78453719
1698552000,46.64410874,,1609477200,104.22,,,,1698552000,46.64410874,50.11,,,1710302400,76.8804978,76.35,0.694823577
1698465600,46.3238971,,1609563600,107.25,,,,1698465600,46.3238971,48.23,,,1710388800,76.49583271,73.13,4.602533454
1698379200,44.8509313,,1609650000,116.27,,,,1698379200,44.8509313,48.19,,,1710475200,77.7380339,76.96,1.01095881
1698292800,43.96581753,,1609736400,152.91,,,,1698292800,43.96581753,54.19,,,1710561600,76.44553547,75.19,1.669817086
1698206400,44.27471409,,1609822800,152.36,,,,1698206400,44.27471409,54.56,,,1710648000,76.12315528,77.83,2.193042165
1698120000,43.71992004,,1609909200,175.89,,,,1698120000,43.71992004,54.01,,,1710734400,76.23799576,77.32,1.399384686
1698033600,43.20177555,,1609995600,188.08,,,,1698033600,43.20177555,46.71,,,1710820800,76.36086278,81.99,6.865638757
1697947200,39.82825044,,1610082000,186.33,,,,1697947200,39.82825044,41.98,,,1710907200,76.24882282,85.78,11.11118814
1697860800,39.93970601,,1610168400,182.39,,,,1697860800,39.93970601,42.57,,,1710993600,75.54100011,79.33,4.776250969
1697774400,39.49538041,,1610254800,193.2,,,,1697774400,39.49538041,39.68,,,1711080000,71.06830564,79.91,11.06456558
1697688000,39.37920323,,1610341200,183.99,,,,1697688000,39.37920323,36.99,,,1711166400,69.99074228,79.52,11.98347299
1697601600,39.70655373,,1610427600,201.19,,,,1697601600,39.70655373,36.5,,,1711252800,70.25253977,80.94,13.20417622
1697515200,40.71659528,,1610514000,181.44,,,,1697515200,40.71659528,37.79,,,1711339200,70.08919811,81.17,13.65135135
1697428800,40.48228997,,1610600400,193.75,,,,1697428800,40.48228997,37.64,,,1711425600,72.37939616,80.38,9.953475785
1697342400,40.64668927,,1610686800,203.57,,,,1697342400,40.64668927,38.29,,,1711512000,77.27069188,79.41,2.694003428
1697256000,40.13997009,,1610773200,203.34,,,,1697256000,40.13997009,39.09,,,1711598400,77.55169921,81.73,5.112322029
1697169600,40.46311978,,1610859600,195.14,,,,1697169600,40.46311978,38.36,,,1711684800,78.80826492,80.79,2.452946004
1697083200,39.87128135,,1610946000,190.68,,,,1697083200,39.87128135,41.19,,,1711771200,79.40087526,79.78,0.475212766
1696996800,39.77255015,,1611032400,201.14,,,,1696996800,39.77255015,38.87,,,1711857600,78.5770281,82.02,4.19772238
1696910400,39.80335451,,1611118800,196.14,,,,1696910400,39.80335451,38.93,,,1711944000,77.70814227,80.31,3.239768059
1696824000,39.21012087,,1611205200,170.24,,,,1696824000,39.21012087,40.01,,,1712030400,78.18348992,79.78,2.00114074
1696737600,37.56745873,,1611291600,168.11,,,,1696737600,37.56745873,36.67,,,1712116800,77.07626154,79.62,3.194848603
1696651200,37.12785246,,1611378000,169.86,,,,1696651200,37.12785246,36.96,,,1712203200,76.28135364,74.7,2.11693928
1696564800,35.90419672,,1611464400,172.73,,,,1696564800,35.90419672,37.15,,,1712289600,72.74358235,75.03,3.047337928
1696478400,32.44928195,,1611550800,179.32,,,,1696478400,32.44928195,37.6,,,1712376000,69.56553039,74.42,6.523071233
1696392000,31.95854477,,1611637200,168.16,,,,1696392000,31.95854477,38.39,,,1712462400,68.94502729,78.78,12.48409838
1696305600,31.73566588,,1611723600,173.86,,,,1696305600,31.73566588,38.62,,,1712548800,67.86714223,81.99,17.2250979
1696219200,31.15629749,,1611810000,175.36,,,,1696219200,31.15629749,42.18,,,1712635200,67.60082166,79.66,15.13831075
1696132800,31.16293354,,1611896400,185.61,,,,1696132800,31.16293354,38.07,,,1712721600,68.1976632,75.94,10.19533421
1696046400,30.97299474,,1611982800,160.57,,,,1696046400,30.97299474,37.11,,,1712808000,67.98758563,73.38,7.348615936
1695960000,31.41881725,,1612069200,160.51,,,,1695960000,31.41881725,37.79,,,1712894400,68.58958928,71.32,3.828394167
1695873600,31.80625242,,1612155600,158.03,,,,1695873600,31.80625242,39.81,,,1712980800,69.41995579,71.23,2.541126221
1695787200,32.97344251,,1612242000,175.7,,,,1695787200,32.97344251,37.63,,,1713067200,71.31308072,82.12,13.15991145
1695700800,33.06093792,,1612328400,168.15,,,,1695700800,33.06093792,38.05,,,1713153600,71.12030709,74.91,5.058994676
1695614400,32.67158276,,1612414800,165.81,,,,1695614400,32.67158276,37.73,,,1713240000,71.57758633,79.05,9.452768714
1695528000,32.44410292,,1612501200,155.06,,,,1695528000,32.44410292,37.45,,,1713326400,71.78314593,77.57,7.460170253
1695441600,32.28071715,,1612587600,145.45,,,,1695441600,32.28071715,#N/A,,,1713412800,70.02518295,76.84,8.868840519
1695355200,32.53122164,,1612674000,149.75,,,,1695355200,32.53122164,#N/A,,,1713499200,70.23518095,78.56,10.5967656
1695268800,31.82239034,,1612760400,145.72,,,,1695268800,31.82239034,#N/A,,,1713585600,70.11244047,75.93,7.661740455
1695182400,31.81756308,,1612846800,145.13,,,,1695182400,31.81756308,#N/A,,,1713672000,69.85568956,78.15,10.6133211
1695096000,31.83605469,,1612933200,143.48,,,,1695096000,31.83605469,#N/A,,,1713758400,69.89069693,77.28,9.561727578
1695009600,31.28538387,,1613019600,144.38,,,,1695009600,31.28538387,#N/A,,,1713844800,70.46941911,75.76,6.983343305
1694923200,31.41843217,,1613106000,142.2,,,,1694923200,31.41843217,#N/A,,,1713931200,70.33970734,70.58,0.340454326
1694836800,32.4242853,,1613192400,136.11,,,,1694836800,32.4242853,#N/A,,,1714017600,69.12885331,66.03,4.693099059
1694750400,32.15431028,,1613278800,136.11,,,,1694750400,32.15431028,#N/A,,,1714104000,68.92344153,67.27,2.457918131
1694664000,34.48989069,,1613365200,136.14,,,,1694664000,34.48989069,42.39,,,1714190400,68.15737074,68.56,0.587265545
1694577600,32.83933834,,1613451600,140.01,,,,1694577600,32.83933834,42.09,,,1714276800,68.10424993,65.41,4.119018387
1694491200,32.87590763,,1613538000,133.26,,,,1694491200,32.87590763,41.78,,,1714363200,65.79398347,64.16,2.546732339
1694404800,32.22056319,,1613624400,139.19,,,,1694404800,32.22056319,44.53,,,1714449600,60.20720167,75.25,19.99042968
1694318400,32.00840094,,1613710800,134.51,,,,1694318400,32.00840094,41.71,,,1714536000,58.69992438,73.91,20.57918499
1694232000,31.53605585,,1613797200,138.32,,,,1694232000,31.53605585,39.01,,,1714622400,56.4294588,68.84,18.02809588
1694145600,32.27292316,,1613883600,137.43,,,,1694145600,32.27292316,40.54,,,1714708800,64.7197372,67.21,3.705196841
1694059200,33.37011558,,1613970000,142.84,,,,1694059200,33.37011558,40.42,,,1714795200,64.43230857,72.43,11.04195972
1693972800,33.4965807,,1614056400,161.49,,,,1693972800,33.4965807,39.86,,,1714881600,63.40413755,72.78,12.88247107
1693886400,33.65902406,,1614142800,149.59,,,,1693886400,33.65902406,39.68,,,1714968000,64.25070739,71.7,10.38952944
1693800000,34.05544581,,1614229200,144.83,,,,1693800000,34.05544581,40.31,,,1715054400,64.20308249,67.55,4.954726145
1693713600,34.06950956,,1614315600,137.85,,,,1693713600,34.06950956,40.36,,,1715140800,64.17463033,66,2.765711619
1693627200,42.78880468,,1614402000,137.6,,,,1693627200,42.78880468,38.23,,,1715227200,64.42916883,65.16,1.121594801
1693540800,42.65673427,,1614488400,145.24,,,,1693540800,42.65673427,38.13,,,1715313600,64.44864446,65.32,1.333979695
1693454400,42.32075115,,1614574800,138.95,,,,1693454400,42.32075115,41.52,,,1715400000,64.18668651,63.34,1.336732725
1693368000,42.15281308,,1614661200,137.37,,,,1693368000,42.15281308,41.38,,,1715486400,63.88273654,66.63,4.123162933
1693281600,42.16018815,,1614747600,129.97,,,,1693281600,42.16018815,44.86,,,1715572800,63.99513233,67.45,5.122116633
1693195200,41.86366631,,1614834000,132.17,,,,1693195200,41.86366631,43.19,,,1715659200,63.21122821,66.49,4.931225434
1693108800,41.72763473,,1614920400,130.28,,,,1693108800,41.72763473,43.76,,,1715745600,62.612681,65.76,4.786069046
1693022400,41.20920784,,1615006800,123.5,,,,1693022400,41.20920784,43.12,,,1715832000,61.66406587,65.4,5.712437509
1692936000,40.66409184,,1615093200,126.03,,,,1692936000,40.66409184,42.77,,,1715918400,60.37293021,68.27,11.56740851
1692849600,39.53003039,,1615179600,122.15,,,,1692849600,39.53003039,48.47,,,1716004800,57.96986873,67.01,13.4907197
1692763200,39.5336955,,1615266000,122.7,,,,1692763200,39.5336955,43.28,,,1716091200,57.88107344,69.03,16.15084247
1692676800,39.59418127,,1615352400,123.66,,,,1692676800,39.59418127,44.2,,,1716177600,57.30566643,72.4,20.84852702
1692590400,39.50250419,,1615438800,124.94,,,,1692590400,39.50250419,43.91,,,1716264000,57.20559354,81.14,29.49766633
1692504000,39.48154429,,1615525200,121.12,,,,1692504000,39.48154429,42.36,,,1716350400,56.94495205,81.41,30.05164962
1692417600,39.11645639,,1615611600,120.68,,,,1692417600,39.11645639,43.06,,,1716436800,55.89135141,81.34,31.28675755
1692331200,39.17254533,,1615698000,123.52,,,,1692331200,39.17254533,45.25,,,1716523200,55.53745027,68.69,19.14769213
1692244800,39.42584933,,1615780800,124.67,,,,1692244800,39.42584933,38.85,,,1716609600,55.59952036,69.91,20.46986073
1692158400,39.65595222,,1615867200,122.88,,,,1692158400,39.65595222,34.83,,,1716696000,56.63302906,72.88,22.29277022
1692072000,39.83671493,,1615953600,121.3,,,,1692072000,39.83671493,34.6,,,1716782400,56.19984807,71.78,21.70542203
1691985600,39.35911974,,1616040000,116.71,,,,1691985600,39.35911974,34.58,,,1716868800,57.2306582,69.93,18.16007693
1691899200,38.48735521,,1616126400,112.45,,,,1691899200,38.48735521,35.46,,,1716955200,57.12670693,70.06,18.46030984
1691812800,38.41891131,,1616212800,109.92,,,,1691812800,38.41891131,33.68,,,1717041600,56.70587641,68.88,17.67439546
1691726400,35.35908394,,1616299200,107.2,,,,1691726400,35.35908394,34.44,,,1717128000,57.65952214,68.81,16.20473457
1691640000,35.27325964,,1616385600,102.66,,,,1691640000,35.27325964,36.85,,,1717214400,57.52186937,70.93,18.90332812
1691553600,35.6114362,,1616472000,96,,,,1691553600,35.6114362,38.35,,,1717300800,57.46145149,70.66,18.67895345
1691467200,35.92224259,,1616558400,96.58,,,,1691467200,35.92224259,35.01,,,1717387200,57.0603613,69.48,17.87512766
1691380800,35.85059192,,1616644800,107.93,,,,1691380800,35.85059192,37.23,,,1717473600,57.71861932,68.61,15.87433419
1691294400,35.60765211,,1616731200,86.87,,,,1691294400,35.60765211,37.02,,,1717560000,57.49151233,70.15,18.04488621
1691208000,35.28991677,,1616817600,88.97,,,,1691208000,35.28991677,37.27,,,1717646400,46.82335686,66.37,29.45102176
1691121600,34.32719448,,1616904000,86.72,,,,1691121600,34.32719448,36.74,,,1717732800,46.8145766,64.34,27.2387681
1691035200,34.38909278,,1616990400,92.71,,,,1691035200,34.38909278,38.44,,,1717819200,46.43709427,64.14,27.6004143
1690948800,34.74553359,,1617076800,97.52,,,,1690948800,34.74553359,39.15,,,1717905600,44.05715649,64.79,32.00006716
1690862400,34.44686428,,1617163200,96.22,,,,1690862400,34.44686428,38.68,,,1717992000,43.29376992,64.79,33.17831468
1690776000,34.12479231,,1617249600,93.8,,,,1690776000,34.12479231,37.08,,,1718078400,43.20831208,66.63,35.1518654
1690689600,23.94134773,,1617336000,97.31,,,,1690689600,23.94134773,36.88,,,1718164800,42.41212416,67.09,36.78324018
1690603200,26.74156865,,1617422400,100.07,,,,1690603200,26.74156865,36.37,,,1718251200,42.77129574,62.88,31.97949151
1690516800,26.92626666,,1617508800,98.49,,,,1690516800,26.92626666,36.52,,,1718337600,42.28924282,60.46,30.05417992
1690430400,26.99661511,,1617595200,96.51,,,,1690430400,26.99661511,38.66,,,1718424000,42.20776552,64.94,35.00498071
1690344000,27.43579429,,1617681600,97.03,,,,1690344000,27.43579429,38.69,,,1718510400,43.14934464,65.81,34.43345291
1690257600,27.65083655,,1617768000,95.56,,,,1690257600,27.65083655,38.59,,,1718596800,46.57869896,64.74,28.05267384
1690171200,27.7917885,,1617854400,92.01,,,,1690171200,27.7917885,39.28,,,1718683200,47.86944839,66.86,28.40345739
1690084800,27.8114719,,1617940800,89.81,,,,1690084800,27.8114719,40.11,,,1718769600,48.28797537,68.76,29.77315973
1689998400,29.09272302,,1618027200,95.96,,,,1689998400,29.09272302,40.39,,,1718856000,48.50526236,68.95,29.65154118
1689912000,29.17434427,,1618113600,97.49,,,,1689912000,29.17434427,41.67,,,1718942400,49.03876152,64.67,24.17077235
1689825600,29.16838587,,1618200000,101.77,,,,1689825600,29.16838587,43.76,,,1719028800,49.35714258,64.96,24.01917706
1689739200,29.48133117,,1618286400,105.78,,,,1689739200,29.48133117,44.04,,,1719115200,49.97181854,66.95,25.35949434
1689652800,29.86279466,,1618372800,98.21,,,,1689652800,29.86279466,46.02,,,1719201600,50.11474245,66.38,24.50325031
1689566400,29.74524404,,1618459200,94.11,,,,1689566400,29.74524404,45.16,,,1719288000,50.8962148,64.96,21.64991564
1689480000,32.81909067,,1618545600,90.46,,,,1689480000,32.81909067,45.64,,,1719374400,51.75203825,62.82,17.61853192
1689393600,33.11990533,,1618632000,84.42,,,,1689393600,33.11990533,47.46,,,1719460800,52.27564649,62.88,16.86442988
1689307200,33.00547611,,1618718400,102.93,,,,1689307200,33.00547611,51.42,,,1719547200,52.46728426,60.7,13.56295838
1689220800,33.60159438,,1618804800,99.22,,,,1689220800,33.60159438,46.86,,,1719633600,51.19982318,59.71,14.2525152
1689134400,34.7512038,,1618891200,96.65,,,,1689134400,34.7512038,43.72,,,1719720000,51.35822378,59.53,13.72715642
1689048000,35.09927061,,1618977600,94.14,,,,1689048000,35.09927061,43.69,,,1719806400,50.38838248,61.8,18.46540052
1688961600,35.44038751,,1619064000,87.29,,,,1688961600,35.44038751,44.65,,,1719892800,51.29307467,59.55,13.86553373
1688875200,36.29372838,,1619150400,100.83,,,,1688875200,36.29372838,43.86,,,1719979200,52.08349538,59.63,12.65555027
1688788800,36.73324851,,1619236800,101.72,,,,1688788800,36.73324851,45.72,,,1720065600,51.03666311,62.73,18.64074109
1688702400,37.80555706,,1619323200,102.16,,,,1688702400,37.80555706,47.19,,,1720152000,51.47656779,67.36,23.57991718
1688616000,38.06382205,,1619409600,91.13,,,,,,,,,,,,
1688529600,38.09105017,,1619496000,93.4,,,,,,,,,,,,
1688443200,38.05462126,,1619582400,90.06,,,,,,,,,,,,
1688356800,38.58709176,,1619668800,92.13,,,,,,,,,,,,
1688270400,38.68666143,,1619755200,95.89,,,,,,,,,,,,
1688184000,38.76531827,,1619841600,92.39,,,,,,,,,,,,
1688097600,42.46297645,,1619928000,98.41,,,,,,,,,,,,
1688011200,42.17011728,,1620014400,106.08,,,,,,,,,,,,
1687924800,42.32596985,,1620100800,122.88,,,,,,,,,,,,
1687838400,42.55816961,,1620187200,117.89,,,,,,,,,,,,
1687752000,42.69895665,,1620273600,119.91,,,,,,,,,,,,
1687665600,41.58495866,,1620360000,113.9,,,,,,,,,,,,
1687579200,41.5386434,,1620446400,121.78,,,,,,,,,,,,
1687492800,42.11437438,,1620532800,119.73,,,,,,,,,,,,
1687406400,42.48822638,,1620619200,122.93,,,,,,,,,,,,
1687320000,43.21403128,,1620705600,128.78,,,,,,,,,,,,
1687233600,43.24003275,,1620792000,127.09,,,,,,,,,,,,
1687147200,43.17515886,,1620878400,126.9,,,,,,,,,,,,
1687060800,42.48151824,,1620964800,123.13,,,,,,,,,,,,
1686974400,42.42093386,,1621051200,129.13,,,,,,,,,,,,
1686888000,42.5617888,,1621137600,127.42,,,,,,,,,,,,
1686801600,42.5561745,,1621224000,134.84,,,,,,,,,,,,
1686715200,42.35997462,,1621310400,129.33,,,,,,,,,,,,
1686628800,43.00237616,,1621396800,217.99,,,,,,,,,,,,
1686542400,40.82233731,,1621483200,178.2,,,,,,,,,,,,
1686456000,40.5480531,,1621569600,173.82,,,,,,,,,,,,
1686369600,40.48614724,,1621656000,186.34,,,,,,,,,,,,
1686283200,40.21359563,,1621742400,207.55,,,,,,,,,,,,
1686196800,39.58486096,,1621828800,164.63,,,,,,,,,,,,
1686110400,39.84819158,,1621915200,162.98,,,,,,,,,,,,
1686024000,40.04765765,,1622001600,160.24,,,,,,,,,,,,
1685937600,39.72946984,,1622088000,150.18,,,,,,,,,,,,
1685851200,39.70629515,,1622174400,154.49,,,,,,,,,,,,
1685764800,39.01629447,,1622260800,162.44,,,,,,,,,,,,
1685678400,38.82609871,,1622347200,155.38,,,,,,,,,,,,
1685592000,39.11504998,,1622433600,143.51,,,,,,,,,,,,
1685505600,39.67143417,,1622520000,149.54,,,,,,,,,,,,
1685419200,40.25962123,,1622606400,146.31,,,,,,,,,,,,
1685332800,39.71482128,,1622692800,139.68,,,,,,,,,,,,
1685246400,40.07412902,,1622779200,140.27,,,,,,,,,,,,
1685160000,34.04093279,,1622865600,141.59,,,,,,,,,,,,
1685073600,34.52744074,,1622952000,138.27,,,,,,,,,,,,
1684987200,34.81765189,,1623038400,132.52,,,,,,,,,,,,
,,,1623124800,145.06,,,,,,,,,,,,
,,,1623211200,136.84,,,,,,,,,,,,
,,,1623297600,130,,,,,,,,,,,,
,,,1623384000,126.34,,,,,,,,,,,,
,,,1623470400,123.91,,,,,,,,,,,,
,,,1623556800,122.89,,,,,,,,,,,,
,,,1623643200,121.56,,,,,,,,,,,,
,,,1623729600,111.55,,,,,,,,,,,,
,,,1623816000,112.23,,,,,,,,,,,,
,,,1623902400,109.87,,,,,,,,,,,,
,,,1623988800,113.17,,,,,,,,,,,,
,,,1624075200,103.57,,,,,,,,,,,,
,,,1624161600,109.74,,,,,,,,,,,,
,,,1624248000,123.03,,,,,,,,,,,,
,,,1624334400,130.47,,,,,,,,,,,,
,,,1624420800,121.02,,,,,,,,,,,,
,,,1624507200,117.75,,,,,,,,,,,,
,,,1624593600,116.77,,,,,,,,,,,,
,,,1624680000,121.44,,,,,,,,,,,,
,,,1624766400,117.13,,,,,,,,,,,,
,,,1624852800,116.7,,,,,,,,,,,,
,,,1624939200,111.7,,,,,,,,,,,,
,,,1625025600,115.74,,,,,,,,,,,,
,,,1625112000,116.93,,,,,,,,,,,,
,,,1625198400,108.97,,,,,,,,,,,,
,,,1625284800,107.09,,,,,,,,,,,,
,,,1625371200,103.48,,,,,,,,,,,,
,,,1625457600,102.8,,,,,,,,,,,,
,,,1625544000,106.02,,,,,,,,,,,,
,,,1625630400,106.84,,,,,,,,,,,,
,,,1625716800,108.8,,,,,,,,,,,,
,,,1625803200,104.61,,,,,,,,,,,,
,,,1625889600,105.01,,,,,,,,,,,,
,,,1625976000,104.79,,,,,,,,,,,,
,,,1626062400,104.33,,,,,,,,,,,,
,,,1626148800,103.4,,,,,,,,,,,,
,,,1626235200,103.47,,,,,,,,,,,,
,,,1626321600,105.22,,,,,,,,,,,,
,,,1626408000,101.79,,,,,,,,,,,,
,,,1626494400,102.63,,,,,,,,,,,,
,,,1626580800,103.65,,,,,,,,,,,,
,,,1626667200,106.98,,,,,,,,,,,,
,,,1626753600,111.35,,,,,,,,,,,,
,,,1626840000,110.22,,,,,,,,,,,,
,,,1626926400,108.51,,,,,,,,,,,,
,,,1627012800,101.99,,,,,,,,,,,,
,,,1627099200,104.19,,,,,,,,,,,,
,,,1627185600,105.08,,,,,,,,,,,,
,,,1627272000,107.79,,,,,,,,,,,,
,,,1627358400,109.11,,,,,,,,,,,,
,,,1627444800,112.68,,,,,,,,,,,,
,,,1627531200,113.34,,,,,,,,,,,,
,,,1627617600,103.3,,,,,,,,,,,,
,,,1627704000,105.27,,,,,,,,,,,,
,,,1627790400,109.23,,,,,,,,,,,,
,,,1627876800,110.19,,,,,,,,,,,,
,,,1627963200,111.79,,,,,,,,,,,,
,,,1628049600,115.84,,,,,,,,,,,,
,,,1628136000,121.08,,,,,,,,,,,,
,,,1628222400,116.95,,,,,,,,,,,,
,,,1628308800,122.22,,,,,,,,,,,,
,,,1628395200,122.59,,,,,,,,,,,,
,,,1628481600,132.38,,,,,,,,,,,,
,,,1628568000,134,,,,,,,,,,,,
,,,1628654400,133,,,,,,,,,,,,
,,,1628740800,125.73,,,,,,,,,,,,
,,,1628827200,123.78,,,,,,,,,,,,
,,,1628913600,121.73,,,,,,,,,,,,
,,,1629000000,120.14,,,,,,,,,,,,
,,,1629086400,120.53,,,,,,,,,,,,
,,,1629172800,118.48,,,,,,,,,,,,
,,,1629259200,118.68,,,,,,,,,,,,
,,,1629345600,116.69,,,,,,,,,,,,
,,,1629432000,118.3,,,,,,,,,,,,
,,,1629518400,113.85,,,,,,,,,,,,
,,,1629604800,109.93,,,,,,,,,,,,
,,,1629691200,112.66,,,,,,,,,,,,
,,,1629777600,111.65,,,,,,,,,,,,
,,,1629864000,107.3,,,,,,,,,,,,
,,,1629950400,107.2,,,,,,,,,,,,
,,,1630036800,103.71,,,,,,,,,,,,
,,,1630123200,101.09,,,,,,,,,,,,
,,,1630209600,101.15,,,,,,,,,,,,
,,,1630296000,102.12,,,,,,,,,,,,
,,,1630382400,109.06,,,,,,,,,,,,
,,,1630468800,113.7,,,,,,,,,,,,
,,,1630555200,115.19,,,,,,,,,,,,
,,,1630641600,110.88,,,,,,,,,,,,
,,,1630728000,108.18,,,,,,,,,,,,
,,,1630814400,109.24,,,,,,,,,,,,
,,,1630900800,107.46,,,,,,,,,,,,
,,,1630987200,111.4,,,,,,,,,,,,
,,,1631073600,110.16,,,,,,,,,,,,
,,,1631160000,109.12,,,,,,,,,,,,
,,,1631246400,106.52,,,,,,,,,,,,
,,,1631332800,106.59,,,,,,,,,,,,
,,,1631419200,105.51,,,,,,,,,,,,
,,,1631505600,108.4,,,,,,,,,,,,
,,,1631592000,106.33,,,,,,,,,,,,
,,,1631678400,105.19,,,,,,,,,,,,
,,,1631764800,101.38,,,,,,,,,,,,
,,,1631851200,98.6,,,,,,,,,,,,
,,,1631937600,98.26,,,,,,,,,,,,
,,,1632024000,96.53,,,,,,,,,,,,
,,,1632110400,102.33,,,,,,,,,,,,
,,,1632196800,106.51,,,,,,,,,,,,
,,,1632283200,102.68,,,,,,,,,,,,
,,,1632369600,95.2,,,,,,,,,,,,
,,,1632456000,99.94,,,,,,,,,,,,
,,,1632542400,96.48,,,,,,,,,,,,
,,,1632628800,95.65,,,,,,,,,,,,
,,,1632715200,101.32,,,,,,,,,,,,
,,,1632801600,107.05,,,,,,,,,,,,
,,,1632888000,104.01,,,,,,,,,,,,
,,,1632974400,101,,,,,,,,,,,,
,,,1633060800,96.69,,,,,,,,,,,,
,,,1633147200,93.53,,,,,,,,,,,,
,,,1633233600,95.81,,,,,,,,,,,,
,,,1633320000,98.73,,,,,,,,,,,,
,,,1633406400,101.42,,,,,,,,,,,,
,,,1633492800,104.23,,,,,,,,,,,,
,,,1633579200,102.44,,,,,,,,,,,,
,,,1633665600,100.87,,,,,,,,,,,,
,,,1633752000,99.49,,,,,,,,,,,,
,,,1633838400,99.25,,,,,,,,,,,,
,,,1633924800,99.7,,,,,,,,,,,,
,,,1634011200,101.13,,,,,,,,,,,,
,,,1634097600,100.4,,,,,,,,,,,,
,,,1634184000,102.73,,,,,,,,,,,,
,,,1634270400,106.22,,,,,,,,,,,,
,,,1634356800,95.33,,,,,,,,,,,,
,,,1634443200,99.77,,,,,,,,,,,,
,,,1634529600,104.92,,,,,,,,,,,,
,,,1634616000,107.98,,,,,,,,,,,,
,,,1634702400,117.36,,,,,,,,,,,,
,,,1634788800,118.87,,,,,,,,,,,,
,,,1634875200,110.77,,,,,,,,,,,,
,,,1634961600,109.42,,,,,,,,,,,,
,,,1635048000,107.67,,,,,,,,,,,,
,,,1635134400,108.85,,,,,,,,,,,,
,,,1635220800,104.89,,,,,,,,,,,,
,,,1635307200,111.76,,,,,,,,,,,,
,,,1635393600,111.4,,,,,,,,,,,,
,,,1635480000,111.71,,,,,,,,,,,,
,,,1635566400,110.09,,,,,,,,,,,,
,,,1635652800,112.77,,,,,,,,,,,,
,,,1635739200,113.01,,,,,,,,,,,,
,,,1635825600,114.85,,,,,,,,,,,,
,,,1635912000,114.15,,,,,,,,,,,,
,,,1635998400,111.08,,,,,,,,,,,,
,,,1636084800,107.32,,,,,,,,,,,,
,,,1636171200,106.85,,,,,,,,,,,,
,,,1636257600,107.88,,,,,,,,,,,,
,,,1636347600,109.53,,,,,,,,,,,,
,,,1636434000,108,,,,,,,,,,,,
,,,1636520400,107.34,,,,,,,,,,,,
,,,1636606800,108.96,,,,,,,,,,,,
,,,1636693200,110.33,,,,,,,,,,,,
,,,1636779600,108.99,,,,,,,,,,,,
,,,1636866000,107.2,,,,,,,,,,,,
,,,1636952400,105.31,,,,,,,,,,,,
,,,1637038800,111.8,,,,,,,,,,,,
,,,1637125200,112.92,,,,,,,,,,,,
,,,1637211600,121.21,,,,,,,,,,,,
,,,1637298000,116.07,,,,,,,,,,,,
,,,1637384400,115.9,,,,,,,,,,,,
,,,1637470800,114.36,,,,,,,,,,,,
,,,1637557200,114.8,,,,,,,,,,,,
,,,1637643600,113.83,,,,,,,,,,,,
,,,1637730000,110.13,,,,,,,,,,,,
,,,1637816400,106.83,,,,,,,,,,,,
,,,1637902800,109.58,,,,,,,,,,,,
,,,1637989200,106.97,,,,,,,,,,,,
,,,1638075600,107.86,,,,,,,,,,,,
,,,1638162000,106.93,,,,,,,,,,,,
,,,1638248400,114.05,,,,,,,,,,,,
,,,1638334800,108.93,,,,,,,,,,,,
,,,1638421200,110.55,,,,,,,,,,,,
,,,1638507600,106.22,,,,,,,,,,,,
,,,1638594000,109.55,,,,,,,,,,,,
,,,1638680400,112.91,,,,,,,,,,,,
,,,1638766800,110.23,,,,,,,,,,,,
,,,1638853200,109.11,,,,,,,,,,,,
,,,1638939600,109.89,,,,,,,,,,,,
,,,1639026000,112.86,,,,,,,,,,,,
,,,1639112400,110.99,,,,,,,,,,,,
,,,1639198800,111.23,,,,,,,,,,,,
,,,1639285200,113.63,,,,,,,,,,,,
,,,1639371600,113.07,,,,,,,,,,,,
,,,1639458000,112.02,,,,,,,,,,,,
,,,1639544400,111.97,,,,,,,,,,,,
,,,1639630800,104.05,,,,,,,,,,,,
,,,1639717200,104.59,,,,,,,,,,,,
,,,1639803600,101.84,,,,,,,,,,,,
,,,1639890000,102.93,,,,,,,,,,,,
,,,1639976400,105.41,,,,,,,,,,,,
,,,1640062800,102.23,,,,,,,,,,,,
,,,1640149200,103.49,,,,,,,,,,,,
,,,1640235600,98.6,,,,,,,,,,,,
,,,1640322000,93.61,,,,,,,,,,,,
,,,1640408400,93.42,,,,,,,,,,,,
,,,1640494800,90.87,,,,,,,,,,,,
,,,1640581200,90.23,,,,,,,,,,,,
,,,1640667600,89.23,,,,,,,,,,,,
,,,1640754000,90.57,,,,,,,,,,,,
,,,1640840400,91.95,,,,,,,,,,,,
,,,1640926800,85.94,,,,,,,,,,,,
,,,1641013200,82.62,,,,,,,,,,,,
,,,1641099600,82.67,,,,,,,,,,,,
,,,1641186000,82.89,,,,,,,,,,,,
,,,1641272400,79.05,,,,,,,,,,,,
,,,1641358800,81.91,,,,,,,,,,,,
,,,1641445200,86.22,,,,,,,,,,,,
,,,1641531600,86.23,,,,,,,,,,,,
,,,1641618000,82.02,,,,,,,,,,,,
,,,1641704400,82.9,,,,,,,,,,,,
,,,1641790800,85.16,,,,,,,,,,,,
,,,1641877200,87.73,,,,,,,,,,,,
,,,1641963600,82.98,,,,,,,,,,,,
,,,1642050000,79.13,,,,,,,,,,,,
,,,1642136400,74.42,,,,,,,,,,,,
,,,1642222800,71.7,,,,,,,,,,,,
,,,1642309200,73,,,,,,,,,,,,
,,,1642395600,74.28,,,,,,,,,,,,
,,,1642482000,75.79,,,,,,,,,,,,
,,,1642568400,74.75,,,,,,,,,,,,
,,,1642654800,70.29,,,,,,,,,,,,
,,,1642741200,80.35,,,,,,,,,,,,
,,,1642827600,92.09,,,,,,,,,,,,
,,,1642914000,92.83,,,,,,,,,,,,
,,,1643000400,98.72,,,,,,,,,,,,
,,,1643086800,94.78,,,,,,,,,,,,
,,,1643173200,92.13,,,,,,,,,,,,
,,,1643259600,90.82,,,,,,,,,,,,
,,,1643346000,84.73,,,,,,,,,,,,
,,,1643432400,85.18,,,,,,,,,,,,
,,,1643518800,83.31,,,,,,,,,,,,
,,,1643605200,82.49,,,,,,,,,,,,
,,,1643691600,82.86,,,,,,,,,,,,
,,,1643778000,85.84,,,,,,,,,,,,
,,,1643864400,83.36,,,,,,,,,,,,
,,,1643950800,81.89,,,,,,,,,,,,
,,,1644037200,81.02,,,,,,,,,,,,
,,,1644123600,79.3,,,,,,,,,,,,
,,,1644210000,80.1,,,,,,,,,,,,
,,,1644296400,80.4,,,,,,,,,,,,
,,,1644382800,78.99,,,,,,,,,,,,
,,,1644469200,79.93,,,,,,,,,,,,
,,,1644555600,77.37,,,,,,,,,,,,
,,,1644642000,82.5,,,,,,,,,,,,
,,,1644728400,79.34,,,,,,,,,,,,
,,,1644814800,78.01,,,,,,,,,,,,
,,,1644901200,77.81,,,,,,,,,,,,
,,,1644987600,76.77,,,,,,,,,,,,
,,,1645074000,79.08,,,,,,,,,,,,
,,,1645160400,80.26,,,,,,,,,,,,
,,,1645246800,78.05,,,,,,,,,,,,
,,,1645333200,83.81,,,,,,,,,,,,
,,,1645419600,85.41,,,,,,,,,,,,
,,,1645506000,88.12,,,,,,,,,,,,
,,,1645592400,83.31,,,,,,,,,,,,
,,,1645678800,95.88,,,,,,,,,,,,
,,,1645765200,84.12,,,,,,,,,,,,
,,,1645851600,81.54,,,,,,,,,,,,
,,,1645938000,86.74,,,,,,,,,,,,
,,,1646024400,88.76,,,,,,,,,,,,
,,,1646110800,85.96,,,,,,,,,,,,
,,,1646197200,83.83,,,,,,,,,,,,
,,,1646283600,84.09,,,,,,,,,,,,
,,,1646370000,85.76,,,,,,,,,,,,
,,,1646456400,84.86,,,,,,,,,,,,
,,,1646542800,84.69,,,,,,,,,,,,
,,,1646629200,86.31,,,,,,,,,,,,
,,,1646715600,91.02,,,,,,,,,,,,
,,,1646802000,88.24,,,,,,,,,,,,
,,,1646888400,90.24,,,,,,,,,,,,
,,,1646974800,87.58,,,,,,,,,,,,
,,,1647061200,88.78,,,,,,,,,,,,
,,,1647147600,88.83,,,,,,,,,,,,
,,,1647230400,89.82,,,,,,,,,,,,
,,,1647316800,91.92,,,,,,,,,,,,
,,,1647403200,89.11,,,,,,,,,,,,
,,,1647489600,83.84,,,,,,,,,,,,
,,,1647576000,79.46,,,,,,,,,,,,
,,,1647662400,79.18,,,,,,,,,,,,
,,,1647748800,83.45,,,,,,,,,,,,
,,,1647835200,81.98,,,,,,,,,,,,
,,,1647921600,81.2,,,,,,,,,,,,
,,,1648008000,79.14,,,,,,,,,,,,
,,,1648094400,76.4,,,,,,,,,,,,
,,,1648180800,71.22,,,,,,,,,,,,
,,,1648267200,69.8,,,,,,,,,,,,
,,,1648353600,71.25,,,,,,,,,,,,
,,,1648440000,71.66,,,,,,,,,,,,
,,,1648526400,71.61,,,,,,,,,,,,
,,,1648612800,70.63,,,,,,,,,,,,
,,,1648699200,73.39,,,,,,,,,,,,
,,,1648785600,70.54,,,,,,,,,,,,
,,,1648872000,69.24,,,,,,,,,,,,
,,,1648958400,69.1,,,,,,,,,,,,
,,,1649044800,70.26,,,,,,,,,,,,
,,,1649131200,70.47,,,,,,,,,,,,
,,,1649217600,74.43,,,,,,,,,,,,
,,,1649304000,73.68,,,,,,,,,,,,
,,,1649390400,69.96,,,,,,,,,,,,
,,,1649476800,67.69,,,,,,,,,,,,
,,,1649563200,65.51,,,,,,,,,,,,
,,,1649649600,72.87,,,,,,,,,,,,
,,,1649736000,70.14,,,,,,,,,,,,
,,,1649822400,71.02,,,,,,,,,,,,
,,,1649908800,68.82,,,,,,,,,,,,
,,,1649995200,67.77,,,,,,,,,,,,
,,,1650081600,66.2,,,,,,,,,,,,
,,,1650168000,64.7,,,,,,,,,,,,
,,,1650254400,68.06,,,,,,,,,,,,
,,,1650340800,66.08,,,,,,,,,,,,
,,,1650427200,67.15,,,,,,,,,,,,
,,,1650513600,66.96,,,,,,,,,,,,
,,,1650600000,66.54,,,,,,,,,,,,
,,,1650686400,65.92,,,,,,,,,,,,
,,,1650772800,66.16,,,,,,,,,,,,
,,,1650859200,70.5,,,,,,,,,,,,
,,,1650945600,71.27,,,,,,,,,,,,
,,,1651032000,71.52,,,,,,,,,,,,
,,,1651118400,70.67,,,,,,,,,,,,
,,,1651204800,67.34,,,,,,,,,,,,
,,,1651291200,66.23,,,,,,,,,,,,
,,,1651377600,67.07,,,,,,,,,,,,
,,,1651464000,69.18,,,,,,,,,,,,
,,,1651550400,70.59,,,,,,,,,,,,
,,,1651636800,71.34,,,,,,,,,,,,
,,,1651723200,72.45,,,,,,,,,,,,
,,,1651809600,69.8,,,,,,,,,,,,
,,,1651896000,67.93,,,,,,,,,,,,
,,,1651982400,73.01,,,,,,,,,,,,
,,,1652068800,82.85,,,,,,,,,,,,
,,,1652155200,81.75,,,,,,,,,,,,
,,,1652241600,96.28,,,,,,,,,,,,
,,,1652328000,118.93,,,,,,,,,,,,
,,,1652414400,95.98,,,,,,,,,,,,
,,,1652500800,100.22,,,,,,,,,,,,
,,,1652587200,97.45,,,,,,,,,,,,
,,,1652673600,100.35,,,,,,,,,,,,
,,,1652760000,92.76,,,,,,,,,,,,
,,,1652846400,97.13,,,,,,,,,,,,
,,,1652932800,94.77,,,,,,,,,,,,
,,,1653019200,94.42,,,,,,,,,,,,
,,,1653105600,89.01,,,,,,,,,,,,
,,,1653192000,92.08,,,,,,,,,,,,
,,,1653278400,88.71,,,,,,,,,,,,
,,,1653364800,90.25,,,,,,,,,,,,
,,,1653451200,88.62,,,,,,,,,,,,
,,,1653537600,90.84,,,,,,,,,,,,
,,,1653624000,91.92,,,,,,,,,,,,
,,,1653710400,91.3,,,,,,,,,,,,
,,,1653796800,91.73,,,,,,,,,,,,
,,,1653883200,85.23,,,,,,,,,,,,
,,,1653969600,84.19,,,,,,,,,,,,
,,,1654056000,86.93,,,,,,,,,,,,
,,,1654142400,85.67,,,,,,,,,,,,
,,,1654228800,85.69,,,,,,,,,,,,
,,,1654315200,84.5,,,,,,,,,,,,
,,,1654401600,84.97,,,,,,,,,,,,
,,,1654488000,81.38,,,,,,,,,,,,
,,,1654574400,84.97,,,,,,,,,,,,
,,,1654660800,86.83,,,,,,,,,,,,
,,,1654747200,84.56,,,,,,,,,,,,
,,,1654833600,90.97,,,,,,,,,,,,
,,,1654920000,96.06,,,,,,,,,,,,
,,,1655006400,94.82,,,,,,,,,,,,
,,,1655092800,126.84,,,,,,,,,,,,
,,,1655179200,121.29,,,,,,,,,,,,
,,,1655265600,138.77,,,,,,,,,,,,
,,,1655352000,121.44,,,,,,,,,,,,
,,,1655438400,117.82,,,,,,,,,,,,
,,,1655524800,124.46,,,,,,,,,,,,
,,,1655611200,123.43,,,,,,,,,,,,
,,,1655697600,117.92,,,,,,,,,,,,
,,,1655784000,111,,,,,,,,,,,,
,,,1655870400,111.9,,,,,,,,,,,,
,,,1655956800,111.83,,,,,,,,,,,,
,,,1656043200,105.16,,,,,,,,,,,,
,,,1656129600,109.12,,,,,,,,,,,,
,,,1656216000,106.39,,,,,,,,,,,,
,,,1656302400,107.72,,,,,,,,,,,,
,,,1656388800,106.97,,,,,,,,,,,,
,,,1656475200,113.02,,,,,,,,,,,,
,,,1656561600,114.91,,,,,,,,,,,,
,,,1656648000,113.8,,,,,,,,,,,,
,,,1656734400,111.22,,,,,,,,,,,,
,,,1656820800,109.89,,,,,,,,,,,,
,,,1656907200,106.48,,,,,,,,,,,,
,,,1656993600,106.91,,,,,,,,,,,,
,,,1657080000,103.41,,,,,,,,,,,,
,,,1657166400,99.42,,,,,,,,,,,,
,,,1657252800,99.37,,,,,,,,,,,,
,,,1657339200,94.58,,,,,,,,,,,,
,,,1657425600,97.6,,,,,,,,,,,,
,,,1657512000,100.57,,,,,,,,,,,,
,,,1657598400,103.14,,,,,,,,,,,,
,,,1657684800,100.52,,,,,,,,,,,,
,,,1657771200,98.92,,,,,,,,,,,,
,,,1657857600,96.56,,,,,,,,,,,,
,,,1657944000,102.58,,,,,,,,,,,,
,,,1658030400,107.8,,,,,,,,,,,,
,,,1658116800,121.95,,,,,,,,,,,,
,,,1658203200,120.21,,,,,,,,,,,,
,,,1658289600,114.75,,,,,,,,,,,,
,,,1658376000,112.46,,,,,,,,,,,,
,,,1658462400,113.4,,,,,,,,,,,,
,,,1658548800,112.05,,,,,,,,,,,,
,,,1658635200,112.47,,,,,,,,,,,,
,,,1658721600,112.09,,,,,,,,,,,,
,,,1658808000,113.3,,,,,,,,,,,,
,,,1658894400,109.19,,,,,,,,,,,,
,,,1658980800,114.89,,,,,,,,,,,,
,,,1659067200,111.71,,,,,,,,,,,,
,,,1659153600,110,,,,,,,,,,,,
,,,1659240000,114.13,,,,,,,,,,,,
,,,1659326400,114.34,,,,,,,,,,,,
,,,1659412800,108.77,,,,,,,,,,,,
,,,1659499200,108.6,,,,,,,,,,,,
,,,1659585600,111.6,,,,,,,,,,,,
,,,1659672000,111.88,,,,,,,,,,,,
,,,1659758400,110.5,,,,,,,,,,,,
,,,1659844800,111.46,,,,,,,,,,,,
,,,1659931200,113.7,,,,,,,,,,,,
,,,1660017600,115.01,,,,,,,,,,,,
,,,1660104000,110.97,,,,,,,,,,,,
,,,1660190400,108.62,,,,,,,,,,,,
,,,1660276800,106.72,,,,,,,,,,,,
,,,1660363200,107.7,,,,,,,,,,,,
,,,1660449600,118.28,,,,,,,,,,,,
,,,1660536000,113.43,,,,,,,,,,,,
,,,1660622400,113.69,,,,,,,,,,,,
,,,1660708800,115.68,,,,,,,,,,,,
,,,1660795200,110.15,,,,,,,,,,,,
,,,1660881600,118.91,,,,,,,,,,,,
,,,1660968000,121.87,,,,,,,,,,,,
,,,1661054400,120.32,,,,,,,,,,,,
,,,1661140800,122.92,,,,,,,,,,,,
,,,1661227200,118.42,,,,,,,,,,,,
,,,1661313600,116.1,,,,,,,,,,,,
,,,1661400000,115.92,,,,,,,,,,,,
,,,1661486400,108.77,,,,,,,,,,,,
,,,1661572800,117.41,,,,,,,,,,,,
,,,1661659200,113.69,,,,,,,,,,,,
,,,1661745600,112.66,,,,,,,,,,,,
,,,1661832000,113.9,,,,,,,,,,,,
,,,1661918400,115.57,,,,,,,,,,,,
,,,1662004800,114.32,,,,,,,,,,,,
,,,1662091200,110.44,,,,,,,,,,,,
,,,1662177600,110.59,,,,,,,,,,,,
,,,1662264000,109.22,,,,,,,,,,,,
,,,1662350400,107.99,,,,,,,,,,,,
,,,1662436800,107.62,,,,,,,,,,,,
,,,1662523200,109.86,,,,,,,,,,,,
,,,1662609600,111.47,,,,,,,,,,,,
,,,1662696000,110.06,,,,,,,,,,,,
,,,1662782400,110.15,,,,,,,,,,,,
,,,1662868800,110.03,,,,,,,,,,,,
,,,1662955200,111.53,,,,,,,,,,,,
,,,1663041600,112.77,,,,,,,,,,,,
,,,1663128000,112.43,,,,,,,,,,,,
,,,1663214400,103.1,,,,,,,,,,,,
,,,1663300800,100.75,,,,,,,,,,,,
,,,1663387200,95.02,,,,,,,,,,,,
,,,1663473600,97.5,,,,,,,,,,,,
,,,1663560000,94.49,,,,,,,,,,,,
,,,1663646400,94.4,,,,,,,,,,,,
,,,1663732800,96.27,,,,,,,,,,,,
,,,1663819200,99.14,,,,,,,,,,,,
,,,1663905600,96.71,,,,,,,,,,,,
,,,1663992000,90.87,,,,,,,,,,,,
,,,1664078400,90.85,,,,,,,,,,,,
,,,1664164800,92.4,,,,,,,,,,,,
,,,1664251200,92.53,,,,,,,,,,,,
,,,1664337600,92.42,,,,,,,,,,,,
,,,1664424000,94.34,,,,,,,,,,,,
,,,1664510400,87.03,,,,,,,,,,,,
,,,1664596800,89.29,,,,,,,,,,,,
,,,1664683200,91.04,,,,,,,,,,,,
,,,1664769600,87.12,,,,,,,,,,,,
,,,1664856000,86.79,,,,,,,,,,,,
,,,1664942400,86.65,,,,,,,,,,,,
,,,1665028800,83.41,,,,,,,,,,,,
,,,1665115200,79.05,,,,,,,,,,,,
,,,1665201600,77.56,,,,,,,,,,,,
,,,1665288000,77.98,,,,,,,,,,,,
,,,1665374400,80.63,,,,,,,,,,,,
,,,1665460800,79.13,,,,,,,,,,,,
,,,1665547200,81.81,,,,,,,,,,,,
,,,1665633600,80.41,,,,,,,,,,,,
,,,1665720000,74.78,,,,,,,,,,,,
,,,1665806400,75.79,,,,,,,,,,,,
,,,1665892800,76.15,,,,,,,,,,,,
,,,1665979200,71.58,,,,,,,,,,,,
,,,1666065600,74.59,,,,,,,,,,,,
,,,1666152000,73.47,,,,,,,,,,,,
,,,1666238400,72.91,,,,,,,,,,,,
,,,1666324800,71.84,,,,,,,,,,,,
,,,1666411200,71.05,,,,,,,,,,,,
,,,1666497600,71.35,,,,,,,,,,,,
,,,1666584000,73.84,,,,,,,,,,,,
,,,1666670400,75.99,,,,,,,,,,,,
,,,1666756800,88.85,,,,,,,,,,,,
,,,1666843200,82.56,,,,,,,,,,,,
,,,1666929600,77.36,,,,,,,,,,,,
,,,1667016000,85.15,,,,,,,,,,,,
,,,1667102400,85.73,,,,,,,,,,,,
,,,1667188800,85.59,,,,,,,,,,,,
,,,1667275200,85.62,,,,,,,,,,,,
,,,1667361600,83.54,,,,,,,,,,,,
,,,1667448000,76.99,,,,,,,,,,,,
,,,1667534400,81.12,,,,,,,,,,,,
,,,1667620800,78.06,,,,,,,,,,,,
,,,1667707200,77.92,,,,,,,,,,,,
,,,1667797200,83.79,,,,,,,,,,,,
,,,1667883600,92.06,,,,,,,,,,,,
,,,1667970000,125.48,,,,,,,,,,,,
,,,1668056400,110.92,,,,,,,,,,,,
,,,1668142800,113.21,,,,,,,,,,,,
,,,1668229200,109.98,,,,,,,,,,,,
,,,1668315600,119.66,,,,,,,,,,,,
,,,1668402000,114.66,,,,,,,,,,,,
,,,1668488400,100.24,,,,,,,,,,,,
,,,1668574800,107.93,,,,,,,,,,,,
,,,1668661200,105.12,,,,,,,,,,,,
,,,1668747600,95.99,,,,,,,,,,,,
,,,1668834000,95.06,,,,,,,,,,,,
,,,1668920400,104.69,,,,,,,,,,,,
,,,1669006800,106.95,,,,,,,,,,,,
,,,1669093200,99.68,,,,,,,,,,,,
,,,1669179600,96.48,,,,,,,,,,,,
,,,1669266000,90.01,,,,,,,,,,,,
,,,1669352400,86.08,,,,,,,,,,,,
,,,1669438800,82.96,,,,,,,,,,,,
,,,1669525200,82.93,,,,,,,,,,,,
,,,1669611600,88.38,,,,,,,,,,,,
,,,1669698000,86.82,,,,,,,,,,,,
,,,1669784400,85.41,,,,,,,,,,,,
,,,1669870800,84.52,,,,,,,,,,,,
,,,1669957200,80.21,,,,,,,,,,,,
,,,1670043600,81.54,,,,,,,,,,,,
,,,1670130000,83.74,,,,,,,,,,,,
,,,1670216400,84.45,,,,,,,,,,,,
,,,1670302800,81.3,,,,,,,,,,,,
,,,1670389200,81.34,,,,,,,,,,,,
,,,1670475600,78.35,,,,,,,,,,,,
,,,1670562000,76.53,,,,,,,,,,,,
,,,1670648400,80.88,,,,,,,,,,,,
,,,1670734800,86.36,,,,,,,,,,,,
,,,1670821200,86.07,,,,,,,,,,,,
,,,1670907600,82.48,,,,,,,,,,,,
,,,1670994000,80.89,,,,,,,,,,,,
,,,1671080400,75.36,,,,,,,,,,,,
,,,1671166800,77.56,,,,,,,,,,,,
,,,1671253200,78.89,,,,,,,,,,,,
,,,1671339600,77.73,,,,,,,,,,,,
,,,1671426000,76.53,,,,,,,,,,,,
,,,1671512400,74.88,,,,,,,,,,,,
,,,1671598800,73.56,,,,,,,,,,,,
,,,1671685200,72.97,,,,,,,,,,,,
,,,1671771600,70.11,,,,,,,,,,,,
,,,1671858000,70.52,,,,,,,,,,,,
,,,1671944400,74.3,,,,,,,,,,,,
,,,1672030800,71.12,,,,,,,,,,,,
,,,1672117200,70.53,,,,,,,,,,,,
,,,1672203600,69.58,,,,,,,,,,,,
,,,1672290000,69.37,,,,,,,,,,,,
,,,1672376400,65.37,,,,,,,,,,,,
,,,1672462800,65.27,,,,,,,,,,,,
,,,1672549200,65.18,,,,,,,,,,,,
,,,1672635600,64.1,,,,,,,,,,,,
,,,1672722000,64.06,,,,,,,,,,,,
,,,1672808400,61.98,,,,,,,,,,,,
,,,1672894800,61.83,,,,,,,,,,,,
,,,1672981200,61.19,,,,,,,,,,,,
,,,1673067600,60.82,,,,,,,,,,,,
,,,1673154000,60.13,,,,,,,,,,,,
,,,1673240400,63.46,,,,,,,,,,,,
,,,1673326800,63.3,,,,,,,,,,,,
,,,1673413200,65.22,,,,,,,,,,,,
,,,1673499600,65.48,,,,,,,,,,,,
,,,1673586000,70.39,,,,,,,,,,,,
,,,1673672400,77.26,,,,,,,,,,,,
,,,1673758800,82.08,,,,,,,,,,,,
,,,1673845200,80.61,,,,,,,,,,,,
,,,1673931600,81.32,,,,,,,,,,,,
,,,1674018000,82.71,,,,,,,,,,,,
,,,1674104400,74.14,,,,,,,,,,,,
,,,1674190800,69.64,,,,,,,,,,,,
,,,1674277200,73.92,,,,,,,,,,,,
,,,1674363600,74.33,,,,,,,,,,,,
,,,1674450000,74.46,,,,,,,,,,,,
,,,1674536400,73.96,,,,,,,,,,,,
,,,1674622800,69.86,,,,,,,,,,,,
,,,1674709200,68.71,,,,,,,,,,,,
,,,1674795600,66.21,,,,,,,,,,,,
,,,1674882000,65.73,,,,,,,,,,,,
,,,1674968400,72.09,,,,,,,,,,,,
,,,1675054800,68.76,,,,,,,,,,,,
,,,1675141200,68.8,,,,,,,,,,,,
,,,1675227600,71.12,,,,,,,,,,,,
,,,1675314000,70.28,,,,,,,,,,,,
,,,1675400400,70.19,,,,,,,,,,,,
,,,1675486800,71.49,,,,,,,,,,,,
,,,1675573200,71.24,,,,,,,,,,,,
,,,1675659600,71.79,,,,,,,,,,,,
,,,1675746000,71.25,,,,,,,,,,,,
,,,1675832400,69.53,,,,,,,,,,,,
,,,1675918800,67.67,,,,,,,,,,,,
,,,1676005200,68.53,,,,,,,,,,,,
,,,1676091600,67.58,,,,,,,,,,,,
,,,1676178000,66.8,,,,,,,,,,,,
,,,1676264400,70.31,,,,,,,,,,,,
,,,1676350800,64.93,,,,,,,,,,,,
,,,1676437200,64.91,,,,,,,,,,,,
,,,1676523600,70.55,,,,,,,,,,,,
,,,1676610000,68.94,,,,,,,,,,,,
,,,1676696400,70.51,,,,,,,,,,,,
,,,1676782800,71.37,,,,,,,,,,,,
,,,1676869200,72.73,,,,,,,,,,,,
,,,1676955600,70.7,,,,,,,,,,,,
,,,1677042000,68.43,,,,,,,,,,,,
,,,1677128400,65.08,,,,,,,,,,,,
,,,1677214800,61.61,,,,,,,,,,,,
,,,1677301200,58.3,,,,,,,,,,,,
,,,1677387600,59.94,,,,,,,,,,,,
,,,1677474000,59.39,,,,,,,,,,,,
,,,1677560400,57.53,,,,,,,,,,,,
,,,1677646800,62.34,,,,,,,,,,,,
,,,1677733200,61.95,,,,,,,,,,,,
,,,1677819600,59.7,,,,,,,,,,,,
,,,1677906000,58.22,,,,,,,,,,,,
,,,1677992400,59.11,,,,,,,,,,,,
,,,1678078800,59.53,,,,,,,,,,,,
,,,1678165200,59.45,,,,,,,,,,,,
,,,1678251600,59.13,,,,,,,,,,,,
,,,1678338000,57,,,,,,,,,,,,
,,,1678424400,64.48,,,,,,,,,,,,
,,,1678510800,71.25,,,,,,,,,,,,
,,,1678597200,67.41,,,,,,,,,,,,
,,,1678680000,73.14,,,,,,,,,,,,
,,,1678766400,68.58,,,,,,,,,,,,
,,,1678852800,68.69,,,,,,,,,,,,
,,,1678939200,65.42,,,,,,,,,,,,
,,,1679025600,67.95,,,,,,,,,,,,
,,,1679112000,76.42,,,,,,,,,,,,
,,,1679198400,80.79,,,,,,,,,,,,
,,,1679284800,74.28,,,,,,,,,,,,
,,,1679371200,77.6,,,,,,,,,,,,
,,,1679457600,75.36,,,,,,,,,,,,
,,,1679544000,72.44,,,,,,,,,,,,
,,,1679630400,71.39,,,,,,,,,,,,
,,,1679716800,69.78,,,,,,,,,,,,
,,,1679803200,68.58,,,,,,,,,,,,
,,,1679889600,69.04,,,,,,,,,,,,
,,,1679976000,66.57,,,,,,,,,,,,
,,,1680062400,70.32,,,,,,,,,,,,
,,,1680148800,70.25,,,,,,,,,,,,
,,,1680235200,66.32,,,,,,,,,,,,
,,,1680321600,64.37,,,,,,,,,,,,
,,,1680408000,66.51,,,,,,,,,,,,
,,,1680494400,66.25,,,,,,,,,,,,
,,,1680580800,69.49,,,,,,,,,,,,
,,,1680667200,68.01,,,,,,,,,,,,
,,,1680753600,67.87,,,,,,,,,,,,
,,,1680840000,62.84,,,,,,,,,,,,
,,,1680926400,61.28,,,,,,,,,,,,
,,,1681012800,62.35,,,,,,,,,,,,
,,,1681099200,65.35,,,,,,,,,,,,
,,,1681185600,66.42,,,,,,,,,,,,
,,,1681272000,63.29,,,,,,,,,,,,
,,,1681358400,64.51,,,,,,,,,,,,
,,,1681444800,62.78,,,,,,,,,,,,
,,,1681531200,63.77,,,,,,,,,,,,
,,,1681617600,65.66,,,,,,,,,,,,
,,,1681704000,65.94,,,,,,,,,,,,
,,,1681790400,64.94,,,,,,,,,,,,
,,,1681876800,63.25,,,,,,,,,,,,
,,,1681963200,61.49,,,,,,,,,,,,
,,,1682049600,62.03,,,,,,,,,,,,
,,,1682136000,62.3,,,,,,,,,,,,
,,,1682222400,61.61,,,,,,,,,,,,
,,,1682308800,61.88,,,,,,,,,,,,
,,,1682395200,60.26,,,,,,,,,,,,
,,,1682481600,60.21,,,,,,,,,,,,
,,,1682568000,59.4,,,,,,,,,,,,
,,,1682654400,54.64,,,,,,,,,,,,
,,,1682740800,55.52,,,,,,,,,,,,
,,,1682827200,56.11,,,,,,,,,,,,
,,,1682913600,57.88,,,,,,,,,,,,
,,,1683000000,55.93,,,,,,,,,,,,
,,,1683086400,57.41,,,,,,,,,,,,
,,,1683172800,56.69,,,,,,,,,,,,
,,,1683259200,54.64,,,,,,,,,,,,
,,,1683345600,55.84,,,,,,,,,,,,
,,,1683432000,57.14,,,,,,,,,,,,
,,,1683518400,56.58,,,,,,,,,,,,
,,,1683604800,56.25,,,,,,,,,,,,
,,,1683691200,54.72,,,,,,,,,,,,
,,,1683777600,56.07,,,,,,,,,,,,
,,,1683864000,55.6,,,,,,,,,,,,
,,,1683950400,53.71,,,,,,,,,,,,
,,,1684036800,53.42,,,,,,,,,,,,
,,,1684123200,54.25,,,,,,,,,,,,
,,,1684209600,54.27,,,,,,,,,,,,
,,,1684296000,53.27,,,,,,,,,,,,
,,,1684382400,52.08,,,,,,,,,,,,
,,,1684468800,51.2,,,,,,,,,,,,
,,,1684555200,51.19,,,,,,,,,,,,
,,,1684641600,52.32,,,,,,,,,,,,
,,,1684728000,51.1,,,,,,,,,,,,
,,,1684814400,54.1,,,,,,,,,,,,
,,,1684900800,54.71,,,,,,,,,,,,
,,,1684987200,51.46,,,,,,,,,,,,
,,,1685073600,49.15,,,,,,,,,,,,
,,,1685160000,47.4,,,,,,,,,,,,
,,,1685246400,47.37,,,,,,,,,,,,
,,,1685332800,49.39,,,,,,,,,,,,
,,,1685419200,47.21,,,,,,,,,,,,
,,,1685505600,45.85,,,,,,,,,,,,
,,,1685592000,45.57,,,,,,,,,,,,
,,,1685678400,44.66,,,,,,,,,,,,
,,,1685764800,44.31,,,,,,,,,,,,
,,,1685851200,43.66,,,,,,,,,,,,
,,,1685937600,44.22,,,,,,,,,,,,
,,,1686024000,42.07,,,,,,,,,,,,
,,,1686110400,45.12,,,,,,,,,,,,
,,,1686196800,43.74,,,,,,,,,,,,
,,,1686283200,42.9,,,,,,,,,,,,
,,,1686369600,45.86,,,,,,,,,,,,
,,,1686456000,46.48,,,,,,,,,,,,
,,,1686542400,49.26,,,,,,,,,,,,
,,,1686628800,49.36,,,,,,,,,,,,
,,,1686715200,46.22,,,,,,,,,,,,
,,,1686801600,51.49,,,,,,,,,,,,
,,,1686888000,48.98,,,,,,,,,,,,
,,,1686974400,47.81,,,,,,,,,,,,
,,,1687060800,47.79,,,,,,,,,,,,
,,,1687147200,48.13,,,,,,,,,,,,
,,,1687233600,49.99,,,,,,,,,,,,
,,,1687320000,55.52,,,,,,,,,,,,
,,,1687406400,53.93,,,,,,,,,,,,
,,,1687492800,54.14,,,,,,,,,,,,
,,,1687579200,53.4,,,,,,,,,,,,
,,,1687665600,51.34,,,,,,,,,,,,
,,,1687752000,50.79,,,,,,,,,,,,
,,,1687838400,50.39,,,,,,,,,,,,
,,,1687924800,49.69,,,,,,,,,,,,
,,,1688011200,46.95,,,,,,,,,,,,
,,,1688097600,47.32,,,,,,,,,,,,
,,,1688184000,47.55,,,,,,,,,,,,
,,,1688270400,47.24,,,,,,,,,,,,
,,,1688356800,50.58,,,,,,,,,,,,
,,,1688443200,50.87,,,,,,,,,,,,
,,,1688529600,47.23,,,,,,,,,,,,
,,,1688616000,48.36,,,,,,,,,,,,
,,,1688702400,47.19,,,,,,,,,,,,
,,,1688788800,45.72,,,,,,,,,,,,
,,,1688875200,43.86,,,,,,,,,,,,
,,,1688961600,44.65,,,,,,,,,,,,
,,,1689048000,43.69,,,,,,,,,,,,
,,,1689134400,43.72,,,,,,,,,,,,
,,,1689220800,46.86,,,,,,,,,,,,
,,,1689307200,51.42,,,,,,,,,,,,
,,,1689393600,47.46,,,,,,,,,,,,
,,,1689480000,45.64,,,,,,,,,,,,
,,,1689566400,45.16,,,,,,,,,,,,
,,,1689652800,46.02,,,,,,,,,,,,
,,,1689739200,44.04,,,,,,,,,,,,
,,,1689825600,43.76,,,,,,,,,,,,
,,,1689912000,41.67,,,,,,,,,,,,
,,,1689998400,40.39,,,,,,,,,,,,
,,,1690084800,40.11,,,,,,,,,,,,
,,,1690171200,39.28,,,,,,,,,,,,
,,,1690257600,38.59,,,,,,,,,,,,
,,,1690344000,38.69,,,,,,,,,,,,
,,,1690430400,38.66,,,,,,,,,,,,
,,,1690516800,36.52,,,,,,,,,,,,
,,,1690603200,36.37,,,,,,,,,,,,
,,,1690689600,36.88,,,,,,,,,,,,
,,,1690776000,37.08,,,,,,,,,,,,
,,,1690862400,38.68,,,,,,,,,,,,
,,,1690948800,39.15,,,,,,,,,,,,
,,,1691035200,38.44,,,,,,,,,,,,
,,,1691121600,36.74,,,,,,,,,,,,
,,,1691208000,37.27,,,,,,,,,,,,
,,,1691294400,37.02,,,,,,,,,,,,
,,,1691380800,37.23,,,,,,,,,,,,
,,,1691467200,35.01,,,,,,,,,,,,
,,,1691553600,38.35,,,,,,,,,,,,
,,,1691640000,36.85,,,,,,,,,,,,
,,,1691726400,34.44,,,,,,,,,,,,
,,,1691812800,33.68,,,,,,,,,,,,
,,,1691899200,35.46,,,,,,,,,,,,
,,,1691985600,34.58,,,,,,,,,,,,
,,,1692072000,34.6,,,,,,,,,,,,
,,,1692158400,34.83,,,,,,,,,,,,
,,,1692244800,38.85,,,,,,,,,,,,
,,,1692331200,45.25,,,,,,,,,,,,
,,,1692417600,43.06,,,,,,,,,,,,
,,,1692504000,42.36,,,,,,,,,,,,
,,,1692590400,43.91,,,,,,,,,,,,
,,,1692676800,44.2,,,,,,,,,,,,
,,,1692763200,43.28,,,,,,,,,,,,
,,,1692849600,48.47,,,,,,,,,,,,
,,,1692936000,42.77,,,,,,,,,,,,
,,,1693022400,43.12,,,,,,,,,,,,
,,,1693108800,43.76,,,,,,,,,,,,
,,,1693195200,43.19,,,,,,,,,,,,
,,,1693281600,44.86,,,,,,,,,,,,
,,,1693368000,41.38,,,,,,,,,,,,
,,,1693454400,41.52,,,,,,,,,,,,
,,,1693540800,38.13,,,,,,,,,,,,
,,,1693627200,38.23,,,,,,,,,,,,
,,,1693713600,40.36,,,,,,,,,,,,
,,,1693800000,40.31,,,,,,,,,,,,
,,,1693886400,39.68,,,,,,,,,,,,
,,,1693972800,39.86,,,,,,,,,,,,
,,,1694059200,40.42,,,,,,,,,,,,
,,,1694145600,40.54,,,,,,,,,,,,
,,,1694232000,39.01,,,,,,,,,,,,
,,,1694318400,41.71,,,,,,,,,,,,
,,,1694404800,44.53,,,,,,,,,,,,
,,,1694491200,41.78,,,,,,,,,,,,
,,,1694577600,42.09,,,,,,,,,,,,
,,,1694664000,42.39,,,,,,,,,,,,
,,,1695528000,37.45,,,,,,,,,,,,
,,,1695614400,37.73,,,,,,,,,,,,
,,,1695700800,38.05,,,,,,,,,,,,
,,,1695787200,37.63,,,,,,,,,,,,
,,,1695873600,39.81,,,,,,,,,,,,
,,,1695960000,37.79,,,,,,,,,,,,
,,,1696046400,37.11,,,,,,,,,,,,
,,,1696132800,38.07,,,,,,,,,,,,
,,,1696219200,42.18,,,,,,,,,,,,
,,,1696305600,38.62,,,,,,,,,,,,
,,,1696392000,38.39,,,,,,,,,,,,
,,,1696478400,37.6,,,,,,,,,,,,
,,,1696564800,37.15,,,,,,,,,,,,
,,,1696651200,36.96,,,,,,,,,,,,
,,,1696737600,36.67,,,,,,,,,,,,
,,,1696824000,40.01,,,,,,,,,,,,
,,,1696910400,38.93,,,,,,,,,,,,
,,,1696996800,38.87,,,,,,,,,,,,
,,,1697083200,41.19,,,,,,,,,,,,
,,,1697169600,38.36,,,,,,,,,,,,
,,,1697256000,39.09,,,,,,,,,,,,
,,,1697342400,38.29,,,,,,,,,,,,
,,,1697428800,37.64,,,,,,,,,,,,
,,,1697515200,37.79,,,,,,,,,,,,
,,,1697601600,36.5,,,,,,,,,,,,
,,,1697688000,36.99,,,,,,,,,,,,
,,,1697774400,39.68,,,,,,,,,,,,
,,,1697860800,42.57,,,,,,,,,,,,
,,,1697947200,41.98,,,,,,,,,,,,
,,,1698033600,46.71,,,,,,,,,,,,
,,,1698120000,54.01,,,,,,,,,,,,
,,,1698206400,54.56,,,,,,,,,,,,
,,,1698292800,54.19,,,,,,,,,,,,
,,,1698379200,48.19,,,,,,,,,,,,
,,,1698465600,48.23,,,,,,,,,,,,
,,,1698552000,50.11,,,,,,,,,,,,
,,,1698638400,53.96,,,,,,,,,,,,
,,,1698724800,53.62,,,,,,,,,,,,
,,,1698811200,55.47,,,,,,,,,,,,
,,,1698897600,60.62,,,,,,,,,,,,
,,,1698984000,59.47,,,,,,,,,,,,
,,,1699070400,60.28,,,,,,,,,,,,
,,,1699156800,65.52,,,,,,,,,,,,
,,,1699246800,63.69,,,,,,,,,,,,
,,,1699333200,56.56,,,,,,,,,,,,
,,,1699419600,59.39,,,,,,,,,,,,
,,,1699506000,66.34,,,,,,,,,,,,
,,,1699592400,67.1,,,,,,,,,,,,
,,,1699678800,65.04,,,,,,,,,,,,
,,,1699765200,62.11,,,,,,,,,,,,
,,,1699851600,67.53,,,,,,,,,,,,
,,,1699938000,66.53,,,,,,,,,,,,
,,,1700024400,65.16,,,,,,,,,,,,
,,,1700110800,67.11,,,,,,,,,,,,
,,,1700197200,59.32,,,,,,,,,,,,
,,,1700283600,58.67,,,,,,,,,,,,
,,,1700370000,59.89,,,,,,,,,,,,
,,,1700456400,62.79,,,,,,,,,,,,
,,,1700542800,60.71,,,,,,,,,,,,
,,,1700629200,55.76,,,,,,,,,,,,
,,,1700715600,56.88,,,,,,,,,,,,
,,,1700802000,57.18,,,,,,,,,,,,
,,,1700888400,57.78,,,,,,,,,,,,
,,,1700974800,56.51,,,,,,,,,,,,
,,,1701061200,54.89,,,,,,,,,,,,
,,,1701147600,53.71,,,,,,,,,,,,
,,,1701234000,52.77,,,,,,,,,,,,
,,,1701320400,52.78,,,,,,,,,,,,
,,,1701406800,55.19,,,,,,,,,,,,
,,,1701493200,54.65,,,,,,,,,,,,
,,,1701579600,60.11,,,,,,,,,,,,
,,,1701666000,59.19,,,,,,,,,,,,
,,,1701752400,58.52,,,,,,,,,,,,
,,,1701838800,59.9,,,,,,,,,,,,
,,,1701925200,61.59,,,,,,,,,,,,
,,,1702011600,61.32,,,,,,,,,,,,
,,,1702098000,62.41,,,,,,,,,,,,
,,,1702184400,60.65,,,,,,,,,,,,
,,,1702270800,63.59,,,,,,,,,,,,
,,,1702357200,62.47,,,,,,,,,,,,
,,,1702443600,61.46,,,,,,,,,,,,
,,,1702530000,62.11,,,,,,,,,,,,
,,,1702616400,59.54,,,,,,,,,,,,
,,,1702702800,59.94,,,,,,,,,,,,
,,,1702789200,61.06,,,,,,,,,,,,
,,,1702875600,62.04,,,,,,,,,,,,
,,,1702962000,62.41,,,,,,,,,,,,
,,,1703048400,62.67,,,,,,,,,,,,
,,,1703134800,62.45,,,,,,,,,,,,
,,,1703221200,65.36,,,,,,,,,,,,
,,,1703307600,64.5,,,,,,,,,,,,
,,,1703394000,66.11,,,,,,,,,,,,
,,,1703480400,64.17,,,,,,,,,,,,
,,,1703566800,64.17,,,,,,,,,,,,
,,,1703653200,70.82,,,,,,,,,,,,
,,,1703739600,70.69,,,,,,,,,,,,
,,,1703826000,70.88,,,,,,,,,,,,
,,,1703912400,73.25,,,,,,,,,,,,
,,,1703998800,71.7,,,,,,,,,,,,
,,,1704085200,70.38,,,,,,,,,,,,
,,,1704171600,72.14,,,,,,,,,,,,
,,,1704258000,72.26,,,,,,,,,,,,
,,,1704344400,73.14,,,,,,,,,,,,
,,,1704430800,72.99,,,,,,,,,,,,
,,,1704517200,76.7,,,,,,,,,,,,
,,,1704603600,76.72,,,,,,,,,,,,
,,,1704690000,73.6,,,,,,,,,,,,
,,,1704776400,69.97,,,,,,,,,,,,
,,,1704862800,73.29,,,,,,,,,,,,
,,,1704949200,70.07,,,,,,,,,,,,
,,,1705035600,65.06,,,,,,,,,,,,
,,,1705122000,65.76,,,,,,,,,,,,
,,,1705208400,66.15,,,,,,,,,,,,
,,,1705294800,64.5,,,,,,,,,,,,
,,,1705381200,61.7,,,,,,,,,,,,
,,,1705467600,58.68,,,,,,,,,,,,
,,,1705554000,49.2,,,,,,,,,,,,
,,,1705640400,49.71,,,,,,,,,,,,
,,,1705726800,47.43,,,,,,,,,,,,
,,,1705813200,45.64,,,,,,,,,,,,
,,,1705899600,48.02,,,,,,,,,,,,
,,,1705986000,53.75,,,,,,,,,,,,
,,,1706072400,48.69,,,,,,,,,,,,
,,,1706158800,49.12,,,,,,,,,,,,
,,,1706245200,46.33,,,,,,,,,,,,
,,,1706331600,45.34,,,,,,,,,,,,
,,,1706418000,48.11,,,,,,,,,,,,
,,,1706504400,47.5,,,,,,,,,,,,
,,,1706590800,50.47,,,,,,,,,,,,
,,,1706677200,49.64,,,,,,,,,,,,
,,,1706763600,47.23,,,,,,,,,,,,
,,,1706850000,46.42,,,,,,,,,,,,
,,,1706936400,44.87,,,,,,,,,,,,
,,,1707022800,44.33,,,,,,,,,,,,
,,,1707109200,45.39,,,,,,,,,,,,
,,,1707195600,45.46,,,,,,,,,,,,
,,,1707282000,46.14,,,,,,,,,,,,
,,,1707368400,48.82,,,,,,,,,,,,
,,,1707454800,51.86,,,,,,,,,,,,
,,,1707541200,52.48,,,,,,,,,,,,
,,,1707627600,54.18,,,,,,,,,,,,
,,,1707714000,57.01,,,,,,,,,,,,
,,,1707800400,59.93,,,,,,,,,,,,
,,,1707886800,63.07,,,,,,,,,,,,
,,,1707973200,65.08,,,,,,,,,,,,
,,,1708059600,62.09,,,,,,,,,,,,
,,,1708146000,62.58,,,,,,,,,,,,
,,,1708232400,63.54,,,,,,,,,,,,
,,,1708318800,65.32,,,,,,,,,,,,
,,,1708405200,62.99,,,,,,,,,,,,
,,,1708491600,62.9,,,,,,,,,,,,
,,,1708578000,64.44,,,,,,,,,,,,
,,,1708664400,60.67,,,,,,,,,,,,
,,,1708750800,62.26,,,,,,,,,,,,
,,,1708837200,64.42,,,,,,,,,,,,
,,,1708923600,64.88,,,,,,,,,,,,
,,,1709010000,65.62,,,,,,,,,,,,
,,,1709096400,72.76,,,,,,,,,,,,
,,,1709182800,74.77,,,,,,,,,,,,
,,,1709269200,69.17,,,,,,,,,,,,
,,,1709355600,70.7,,,,,,,,,,,,
,,,1709442000,78.58,,,,,,,,,,,,
,,,1709528400,77.92,,,,,,,,,,,,
,,,1709614800,81.1,,,,,,,,,,,,
,,,1709701200,84.43,,,,,,,,,,,,
,,,1709787600,79.13,,,,,,,,,,,,
,,,1709874000,78.89,,,,,,,,,,,,
,,,1709960400,78.89,,,,,,,,,,,,
,,,1710046800,82.46,,,,,,,,,,,,
,,,1710129600,86.7,,,,,,,,,,,,
,,,1710216000,77.41,,,,,,,,,,,,
,,,1710302400,76.35,,,,,,,,,,,,
,,,1710388800,73.13,,,,,,,,,,,,
,,,1710475200,76.96,,,,,,,,,,,,
,,,1710561600,75.19,,,,,,,,,,,,
,,,1710648000,77.83,,,,,,,,,,,,
,,,1710734400,77.32,,,,,,,,,,,,
,,,1710820800,81.99,,,,,,,,,,,,
,,,1710907200,85.78,,,,,,,,,,,,
,,,1710993600,79.33,,,,,,,,,,,,
,,,1711080000,79.91,,,,,,,,,,,,
,,,1711166400,79.52,,,,,,,,,,,,
,,,1711252800,80.94,,,,,,,,,,,,
,,,1711339200,81.17,,,,,,,,,,,,
,,,1711425600,80.38,,,,,,,,,,,,
,,,1711512000,79.41,,,,,,,,,,,,
,,,1711598400,81.73,,,,,,,,,,,,
,,,1711684800,80.79,,,,,,,,,,,,
,,,1711771200,79.78,,,,,,,,,,,,
,,,1711857600,82.02,,,,,,,,,,,,
,,,1711944000,80.31,,,,,,,,,,,,
,,,1712030400,79.78,,,,,,,,,,,,
,,,1712116800,79.62,,,,,,,,,,,,
,,,1712203200,74.7,,,,,,,,,,,,
,,,1712289600,75.03,,,,,,,,,,,,
,,,1712376000,74.42,,,,,,,,,,,,
,,,1712462400,78.78,,,,,,,,,,,,
,,,1712548800,81.99,,,,,,,,,,,,
,,,1712635200,79.66,,,,,,,,,,,,
,,,1712721600,75.94,,,,,,,,,,,,
,,,1712808000,73.38,,,,,,,,,,,,
,,,1712894400,71.32,,,,,,,,,,,,
,,,1712980800,71.23,,,,,,,,,,,,
,,,1713067200,82.12,,,,,,,,,,,,
,,,1713153600,74.91,,,,,,,,,,,,
,,,1713240000,79.05,,,,,,,,,,,,
,,,1713326400,77.57,,,,,,,,,,,,
,,,1713412800,76.84,,,,,,,,,,,,
,,,1713499200,78.56,,,,,,,,,,,,
,,,1713585600,75.93,,,,,,,,,,,,
,,,1713672000,78.15,,,,,,,,,,,,
,,,1713758400,77.28,,,,,,,,,,,,
,,,1713844800,75.76,,,,,,,,,,,,
,,,1713931200,70.58,,,,,,,,,,,,
,,,1714017600,66.03,,,,,,,,,,,,
,,,1714104000,67.27,,,,,,,,,,,,
,,,1714190400,68.56,,,,,,,,,,,,
,,,1714276800,65.41,,,,,,,,,,,,
,,,1714363200,64.16,,,,,,,,,,,,
,,,1714449600,75.25,,,,,,,,,,,,
,,,1714536000,73.91,,,,,,,,,,,,
,,,1714622400,68.84,,,,,,,,,,,,
,,,1714708800,67.21,,,,,,,,,,,,
,,,1714795200,72.43,,,,,,,,,,,,
,,,1714881600,72.78,,,,,,,,,,,,
,,,1714968000,71.7,,,,,,,,,,,,
,,,1715054400,67.55,,,,,,,,,,,,
,,,1715140800,66,,,,,,,,,,,,
,,,1715227200,65.16,,,,,,,,,,,,
,,,1715313600,65.32,,,,,,,,,,,,
,,,1715400000,63.34,,,,,,,,,,,,
,,,1715486400,66.63,,,,,,,,,,,,
,,,1715572800,67.45,,,,,,,,,,,,
,,,1715659200,66.49,,,,,,,,,,,,
,,,1715745600,65.76,,,,,,,,,,,,
,,,1715832000,65.4,,,,,,,,,,,,
,,,1715918400,68.27,,,,,,,,,,,,
,,,1716004800,67.01,,,,,,,,,,,,
,,,1716091200,69.03,,,,,,,,,,,,
,,,1716177600,72.4,,,,,,,,,,,,
,,,1716264000,81.14,,,,,,,,,,,,
,,,1716350400,81.41,,,,,,,,,,,,
,,,1716436800,81.34,,,,,,,,,,,,
,,,1716523200,68.69,,,,,,,,,,,,
,,,1716609600,69.91,,,,,,,,,,,,
,,,1716696000,72.88,,,,,,,,,,,,
,,,1716782400,71.78,,,,,,,,,,,,
,,,1716868800,69.93,,,,,,,,,,,,
,,,1716955200,70.06,,,,,,,,,,,,
,,,1717041600,68.88,,,,,,,,,,,,
,,,1717128000,68.81,,,,,,,,,,,,
,,,1717214400,70.93,,,,,,,,,,,,
,,,1717300800,70.66,,,,,,,,,,,,
,,,1717387200,69.48,,,,,,,,,,,,
,,,1717473600,68.61,,,,,,,,,,,,
,,,1717560000,70.15,,,,,,,,,,,,
,,,1717646400,66.37,,,,,,,,,,,,
,,,1717732800,64.34,,,,,,,,,,,,
,,,1717819200,64.14,,,,,,,,,,,,
,,,1717905600,64.79,,,,,,,,,,,,
,,,1717992000,64.79,,,,,,,,,,,,
,,,1718078400,66.63,,,,,,,,,,,,
,,,1718164800,67.09,,,,,,,,,,,,
,,,1718251200,62.88,,,,,,,,,,,,
,,,1718337600,60.46,,,,,,,,,,,,
,,,1718424000,64.94,,,,,,,,,,,,
,,,1718510400,65.81,,,,,,,,,,,,
,,,1718596800,64.74,,,,,,,,,,,,
,,,1718683200,66.86,,,,,,,,,,,,
,,,1718769600,68.76,,,,,,,,,,,,
,,,1718856000,68.95,,,,,,,,,,,,
,,,1718942400,64.67,,,,,,,,,,,,
,,,1719028800,64.96,,,,,,,,,,,,
,,,1719115200,66.95,,,,,,,,,,,,
,,,1719201600,66.38,,,,,,,,,,,,
,,,1719288000,64.96,,,,,,,,,,,,
,,,1719374400,62.82,,,,,,,,,,,,
,,,1719460800,62.88,,,,,,,,,,,,
,,,1719547200,60.7,,,,,,,,,,,,
,,,1719633600,59.71,,,,,,,,,,,,
,,,1719720000,59.53,,,,,,,,,,,,
,,,1719806400,61.8,,,,,,,,,,,,
,,,1719892800,59.55,,,,,,,,,,,,
,,,1719979200,59.63,,,,,,,,,,,,
,,,1720065600,62.73,,,,,,,,,,,,
,,,1720152000,67.36,,,,,,,,,,,,
,,,1720238400,66.13,,,,,,,,,,,,
,,,1720324800,67.39,,,,,,,,,,,,
,,,1720411200,69.68,,,,,,,,,,,,
,,,1720497600,68.08,,,,,,,,,,,,
,,,1720584000,66.35,,,,,,,,,,,,
,,,1720670400,65.09,,,,,,,,,,,,
,,,1720756800,62.17,,,,,,,,,,,,
,,,1720843200,60.26,,,,,,,,,,,,
,,,1720929600,63.64,,,,,,,,,,,,
,,,1721016000,66.08,,,,,,,,,,,,
,,,1721102400,66.61,,,,,,,,,,,,
,,,1721188800,69.85,,,,,,,,,,,,
,,,1721275200,67.14,,,,,,,,,,,,
,,,1721361600,68.66,,,,,,,,,,,,
,,,1721448000,68.36,,,,,,,,,,,,
,,,1721534400,70.16,,,,,,,,,,,,
,,,1721620800,71.96,,,,,,,,,,,,
,,,1721707200,69.22,,,,,,,,,,,,
,,,1721793600,64.05,,,,,,,,,,,,
,,,1721880000,66.68,,,,,,,,,,,,
,,,1721966400,64.14,,,,,,,,,,,,
,,,1722052800,63.42,,,,,,,,,,,,
,,,1722139200,59.52,,,,,,,,,,,,
,,,1722225600,60.19,,,,,,,,,,,,
,,,1722312000,56.67,,,,,,,,,,,,
,,,1722398400,56.72,,,,,,,,,,,,
,,,1722484800,55.23,,,,,,,,,,,,
,,,1722571200,57.46,,,,,,,,,,,,